Order_ID,Delivery_Status,Predicted_Class,Predicted_Status,Stage1_Delay_Probability,Correct_Prediction
ORD000001,Slightly-Delayed,1,Slightly-Delayed,0.540783749543565,1
ORD000002,Slightly-Delayed,1,Slightly-Delayed,0.8492998072646335,1
ORD000003,Severely-Delayed,1,Slightly-Delayed,0.5111771389438589,0
ORD000004,On-Time,0,On-Time,0.35041745910648087,1
ORD000005,Slightly-Delayed,1,Slightly-Delayed,0.8330572329353825,1
ORD000006,Slightly-Delayed,2,Severely-Delayed,0.6804836299613595,0
ORD000007,On-Time,0,On-Time,0.0785151426519484,1
ORD000008,Severely-Delayed,2,Severely-Delayed,0.782827077540362,1
ORD000009,On-Time,0,On-Time,0.19216061808750984,1
ORD000010,Severely-Delayed,1,Slightly-Delayed,0.6000728228469331,0
ORD000011,Slightly-Delayed,0,On-Time,0.33933709197591094,0
ORD000012,On-Time,0,On-Time,0.22536389522639416,1
ORD000013,On-Time,0,On-Time,0.06924044039408263,1
ORD000014,On-Time,2,Severely-Delayed,0.6324177618682026,0
ORD000015,On-Time,0,On-Time,0.33358008371240205,1
ORD000016,On-Time,1,Slightly-Delayed,0.5034580389692047,0
ORD000017,On-Time,2,Severely-Delayed,0.6803761104756628,0
ORD000018,Slightly-Delayed,1,Slightly-Delayed,0.8309908292161627,1
ORD000019,Slightly-Delayed,2,Severely-Delayed,0.9266127835151263,0
ORD000020,On-Time,0,On-Time,0.3380973597268542,1
ORD000021,On-Time,0,On-Time,0.48517012303060236,1
ORD000022,On-Time,1,Slightly-Delayed,0.6203547783931089,0
ORD000023,Slightly-Delayed,0,On-Time,0.3962127514842336,0
ORD000024,Slightly-Delayed,1,Slightly-Delayed,0.5025401380485263,1
ORD000025,On-Time,0,On-Time,0.38512811346817366,1
ORD000026,Slightly-Delayed,0,On-Time,0.372469094160989,0
ORD000027,On-Time,1,Slightly-Delayed,0.5889160360604248,0
ORD000028,On-Time,0,On-Time,0.2622677628395571,1
ORD000029,On-Time,0,On-Time,0.4945830931569234,1
ORD000030,On-Time,1,Slightly-Delayed,0.5788875501151303,0
ORD000031,Slightly-Delayed,0,On-Time,0.4976353985904518,0
ORD000032,Slightly-Delayed,1,Slightly-Delayed,0.5445804369410328,1
ORD000033,On-Time,0,On-Time,0.4770964404682817,1
ORD000034,Slightly-Delayed,1,Slightly-Delayed,0.901283706265531,1
ORD000035,Slightly-Delayed,1,Slightly-Delayed,0.8942789073509575,1
ORD000036,Slightly-Delayed,1,Slightly-Delayed,0.7827442435724096,1
ORD000037,On-Time,0,On-Time,0.3302183825159113,1
ORD000038,Severely-Delayed,1,Slightly-Delayed,0.6265748599307653,0
ORD000039,Slightly-Delayed,2,Severely-Delayed,0.6856593355350504,0
ORD000040,On-Time,1,Slightly-Delayed,0.6711650028376647,0
ORD000041,Slightly-Delayed,1,Slightly-Delayed,0.5882012171714706,1
ORD000042,On-Time,1,Slightly-Delayed,0.7126863147125382,0
ORD000043,Slightly-Delayed,0,On-Time,0.4114316301345263,0
ORD000044,On-Time,0,On-Time,0.17494657181256376,1
ORD000045,On-Time,1,Slightly-Delayed,0.5473515420358392,0
ORD000046,Slightly-Delayed,1,Slightly-Delayed,0.6720597344689344,1
ORD000047,On-Time,0,On-Time,0.42253039023866906,1
ORD000048,On-Time,0,On-Time,0.13887157576095216,1
ORD000049,On-Time,0,On-Time,0.2777369486519962,1
ORD000050,On-Time,0,On-Time,0.38883051304539323,1
ORD000051,On-Time,1,Slightly-Delayed,0.5403369181529644,0
ORD000052,Slightly-Delayed,1,Slightly-Delayed,0.6266760412461887,1
ORD000053,On-Time,0,On-Time,0.16646843166688097,1
ORD000054,Slightly-Delayed,0,On-Time,0.36047568826401555,0
ORD000055,Severely-Delayed,2,Severely-Delayed,0.8908590487985071,1
ORD000056,On-Time,0,On-Time,0.2534608935851658,1
ORD000057,On-Time,0,On-Time,0.15817440637942448,1
ORD000058,On-Time,0,On-Time,0.17632429108512007,1
ORD000059,Severely-Delayed,2,Severely-Delayed,0.625668603736541,1
ORD000060,On-Time,0,On-Time,0.16999973979224306,1
ORD000061,On-Time,1,Slightly-Delayed,0.5888758757462479,0
ORD000062,On-Time,0,On-Time,0.07890615308714322,1
ORD000063,Slightly-Delayed,1,Slightly-Delayed,0.5899825686528295,1
ORD000064,Slightly-Delayed,1,Slightly-Delayed,0.7267333771921349,1
ORD000065,On-Time,0,On-Time,0.34232488241334813,1
ORD000066,Severely-Delayed,0,On-Time,0.49245432994218935,0
ORD000067,On-Time,0,On-Time,0.16669844839308898,1
ORD000068,On-Time,0,On-Time,0.21134131121817892,1
ORD000069,Slightly-Delayed,1,Slightly-Delayed,0.6038793566306498,1
ORD000070,Severely-Delayed,1,Slightly-Delayed,0.8754061004876519,0
ORD000071,On-Time,0,On-Time,0.3477262928584331,1
ORD000072,Severely-Delayed,1,Slightly-Delayed,0.8865877088677094,0
ORD000073,Severely-Delayed,2,Severely-Delayed,0.9011035130212386,1
ORD000074,On-Time,1,Slightly-Delayed,0.5970357332411194,0
ORD000075,Severely-Delayed,1,Slightly-Delayed,0.8929515766381367,0
ORD000076,On-Time,0,On-Time,0.1269953023286255,1
ORD000077,On-Time,0,On-Time,0.07507547618676211,1
ORD000078,On-Time,0,On-Time,0.484981106765741,1
ORD000079,Slightly-Delayed,2,Severely-Delayed,0.9020908657869341,0
ORD000080,On-Time,0,On-Time,0.11018658147447809,1
ORD000081,Slightly-Delayed,1,Slightly-Delayed,0.5350460427999704,1
ORD000082,Slightly-Delayed,1,Slightly-Delayed,0.6902860899777297,1
ORD000083,Severely-Delayed,1,Slightly-Delayed,0.5644758814575713,0
ORD000084,On-Time,0,On-Time,0.17762346369641954,1
ORD000085,Severely-Delayed,1,Slightly-Delayed,0.8331972972621068,0
ORD000086,Severely-Delayed,1,Slightly-Delayed,0.5570240728060525,0
ORD000087,On-Time,0,On-Time,0.37445123639998407,1
ORD000088,On-Time,0,On-Time,0.4111888727491155,1
ORD000089,Slightly-Delayed,0,On-Time,0.4815999625234016,0
ORD000090,Slightly-Delayed,1,Slightly-Delayed,0.7165636726073747,1
ORD000091,Severely-Delayed,2,Severely-Delayed,0.7031396934561392,1
ORD000092,On-Time,0,On-Time,0.4541853033483116,1
ORD000093,Severely-Delayed,0,On-Time,0.31997702972247005,0
ORD000094,Slightly-Delayed,1,Slightly-Delayed,0.501464474159365,1
ORD000095,On-Time,0,On-Time,0.19826205672722583,1
ORD000096,On-Time,0,On-Time,0.18247832699103905,1
ORD000097,Slightly-Delayed,0,On-Time,0.4282143917531545,0
ORD000098,Severely-Delayed,1,Slightly-Delayed,0.8578006264902855,0
ORD000099,Slightly-Delayed,0,On-Time,0.2597048514651182,0
ORD000100,On-Time,0,On-Time,0.303336281840848,1
ORD000101,On-Time,0,On-Time,0.4076107974202708,1
ORD000102,Slightly-Delayed,1,Slightly-Delayed,0.6526804844949247,1
ORD000103,Slightly-Delayed,2,Severely-Delayed,0.9350709433049711,0
ORD000104,On-Time,0,On-Time,0.4471256014571476,1
ORD000105,On-Time,0,On-Time,0.1683709909857644,1
ORD000106,Severely-Delayed,1,Slightly-Delayed,0.6325190395871344,0
ORD000107,On-Time,0,On-Time,0.19393153784853417,1
ORD000108,On-Time,0,On-Time,0.2946317907590484,1
ORD000109,On-Time,0,On-Time,0.2137057905231765,1
ORD000110,Severely-Delayed,1,Slightly-Delayed,0.8260513749791458,0
ORD000111,On-Time,0,On-Time,0.11266735036792375,1
ORD000112,On-Time,2,Severely-Delayed,0.7696520095684888,0
ORD000113,Severely-Delayed,1,Slightly-Delayed,0.5004608519876843,0
ORD000114,On-Time,1,Slightly-Delayed,0.663622338597231,0
ORD000115,On-Time,1,Slightly-Delayed,0.5161885681837391,0
ORD000116,On-Time,2,Severely-Delayed,0.6709601207029243,0
ORD000117,On-Time,1,Slightly-Delayed,0.5651401776935812,0
ORD000118,On-Time,0,On-Time,0.452395395802353,1
ORD000119,Severely-Delayed,1,Slightly-Delayed,0.6224340863502148,0
ORD000120,On-Time,0,On-Time,0.4160978552776843,1
ORD000121,On-Time,2,Severely-Delayed,0.7140033911616209,0
ORD000122,On-Time,0,On-Time,0.46617118098945337,1
ORD000123,On-Time,0,On-Time,0.10246871503560111,1
ORD000124,On-Time,0,On-Time,0.2589705482649647,1
ORD000125,Slightly-Delayed,0,On-Time,0.44232698906418993,0
ORD000126,Slightly-Delayed,1,Slightly-Delayed,0.6058610529297245,1
ORD000127,On-Time,0,On-Time,0.42921741528004276,1
ORD000128,Slightly-Delayed,1,Slightly-Delayed,0.5989968454729893,1
ORD000129,Slightly-Delayed,1,Slightly-Delayed,0.674078739858441,1
ORD000130,On-Time,0,On-Time,0.22115984654877568,1
ORD000131,On-Time,0,On-Time,0.20864616695568639,1
ORD000132,Slightly-Delayed,0,On-Time,0.437023548587374,0
ORD000133,On-Time,0,On-Time,0.23575109003195055,1
ORD000134,Slightly-Delayed,0,On-Time,0.43340004445891916,0
ORD000135,Severely-Delayed,0,On-Time,0.43772081082133524,0
ORD000136,Severely-Delayed,0,On-Time,0.4018782770868538,0
ORD000137,On-Time,0,On-Time,0.426667322321595,1
ORD000138,Severely-Delayed,0,On-Time,0.4588450127558404,0
ORD000139,Severely-Delayed,1,Slightly-Delayed,0.5622864541455043,0
ORD000140,On-Time,0,On-Time,0.4193767372640128,1
ORD000141,Slightly-Delayed,1,Slightly-Delayed,0.8210376881468084,1
ORD000142,On-Time,0,On-Time,0.2543097909057367,1
ORD000143,Slightly-Delayed,0,On-Time,0.41365778441740725,0
ORD000144,Slightly-Delayed,1,Slightly-Delayed,0.608240224867318,1
ORD000145,On-Time,0,On-Time,0.2204511821289636,1
ORD000146,Slightly-Delayed,0,On-Time,0.47870829252272123,0
ORD000147,Slightly-Delayed,2,Severely-Delayed,0.6665107881940385,0
ORD000148,On-Time,0,On-Time,0.27719507920325515,1
ORD000149,On-Time,0,On-Time,0.32794755731867725,1
ORD000150,On-Time,0,On-Time,0.3639982199734333,1
