Order_ID,Order_Date,Customer_Segment,Priority,Product_Category,Order_Value_INR,Origin,Destination,Special_Handling,Carrier,Promised_Delivery_Days,Actual_Delivery_Days,Delivery_Status,Quality_Issue,Customer_Rating,Delivery_Cost_INR,Route,Distance_KM,Fuel_Consumption_L,Toll_Charges_INR,Traffic_Delay_Minutes,Weather_Impact,Fuel_Cost,Labor_Cost,Vehicle_Maintenance,Insurance,Packaging_Cost,Technology_Platform_Fee,Other_Overhead,Is_Delayed,Delay_Severity,Delay_Days,Delay_Percentage,Cost_to_Value_Ratio,Has_Weather_Impact,Has_Special_Handling,Has_Quality_Issue,Is_Express,Is_Economy,Is_High_Value_Order,Order_Day_of_Week,Order_Month,Order_Day,Is_Weekend_Order,Is_Month_End,Carrier_Historical_Delay_Rate,Carrier_Avg_Rating,Route_Historical_Delay_Rate,Category_Historical_Delay_Rate
ORD000001,2025-10-09,Individual,Express,Industrial,238.73,Kolkata,Hyderabad,,SpeedyLogistics,1.0,2.0,Slightly-Delayed,Perfect,3.0,387.86,Kolkata_to_Hyderabad,152.59,23.02,122.08,21.0,,151.36,110.31,53.0,32.17,37.46,43.77,30.38,1.0,1.0,1.0,100.0,1.6179034747424186,0,0,0,1,0,0,3,10,9,0,0,0.5121951219512195,3.5121951219512195,0.5,0.5652173913043478
ORD000002,2025-09-29,SMB,Express,Industrial,17.01,Hyderabad,Kolkata,,SpeedyLogistics,2.0,3.0,Slightly-Delayed,Minor_Damage,1.0,430.19,Hyderabad_to_Kolkata,362.05,43.98,289.64,33.0,,157.32,146.2,51.61,28.54,21.74,48.64,38.74,1.0,1.0,1.0,50.0,23.886174347584674,0,0,1,1,0,0,0,9,29,0,1,0.5121951219512195,3.5121951219512195,1.0,0.5652173913043478
ORD000003,2025-09-15,SMB,Economy,Industrial,3024.95,Mumbai,Pune,,SpeedyLogistics,10.0,15.0,Severely-Delayed,Minor_Damage,3.0,1039.19,Mumbai_to_Pune,519.74,65.75,415.79,2.0,,322.61,319.74,128.03,58.13,102.91,92.06,55.45,1.0,2.0,5.0,50.0,0.3434260314942415,0,0,1,0,1,1,0,9,15,0,0,0.5121951219512195,3.5121951219512195,0.5,0.5652173913043478
ORD000004,2025-10-13,Individual,Economy,Fashion,56.74,Hyderabad,Ahmedabad,,QuickShip,5.0,5.0,On-Time,Perfect,5.0,599.01,Hyderabad_to_Ahmedabad,540.87,61.85,432.7,112.0,,215.33,194.01,60.87,49.68,45.89,50.4,35.12,0.0,0.0,0.0,0.0,10.374263941808104,0,0,0,0,1,0,0,10,13,0,0,0.25806451612903225,4.096774193548387,0.5,0.4444444444444444
ORD000005,2025-09-08,SMB,Standard,Fashion,19148.65,Chennai,Mumbai,,SpeedyLogistics,4.0,5.0,Slightly-Delayed,Perfect,3.0,537.9,Chennai_to_Mumbai,1251.56,147.54,1001.25,10.0,,191.92,150.42,79.03,48.92,53.35,48.62,52.98,1.0,1.0,1.0,25.0,0.028089286227163418,0,0,0,0,0,1,0,9,8,0,0,0.5121951219512195,3.5121951219512195,1.0,0.4444444444444444
ORD000006,2025-09-21,Individual,Express,Food & Beverage,158.22,Chennai,Dubai,,GlobalTransit,1.0,2.0,Slightly-Delayed,Perfect,4.0,378.99,Chennai_to_Dubai,3041.83,365.82,0.0,0.0,,130.04,107.92,38.85,19.95,32.06,37.26,23.24,1.0,1.0,1.0,100.0,2.3802914206757944,0,0,0,1,0,0,6,9,21,1,0,0.6363636363636364,3.090909090909091,0.5,0.36363636363636365
ORD000007,2025-10-09,Individual,Standard,Electronics,736.82,Pune,Bangalore,,QuickShip,3.0,3.0,On-Time,Perfect,4.0,439.72,Pune_to_Bangalore,854.87,103.85,683.9,10.0,,158.91,121.05,56.67,29.88,40.09,49.61,32.48,0.0,0.0,0.0,0.0,0.5959719172697948,0,0,0,0,0,0,3,10,9,0,0,0.25806451612903225,4.096774193548387,0.0,0.5909090909090909
ORD000008,2025-09-19,Enterprise,Standard,Industrial,4771.54,Chennai,Kolkata,,GlobalTransit,5.0,10.0,Severely-Delayed,Perfect,2.0,836.35,Chennai_to_Kolkata,1430.06,173.95,1144.05,81.0,,280.25,239.41,117.33,55.54,50.56,69.74,61.33,1.0,2.0,5.0,100.0,0.17524211426200723,0,0,0,0,0,1,4,9,19,0,0,0.6363636363636364,3.090909090909091,0.6666666666666666,0.5652173913043478
ORD000009,2025-09-23,SMB,Express,Books,3711.35,Delhi,Hong Kong,,SpeedyLogistics,2.0,2.0,On-Time,Perfect,5.0,414.8,Delhi_to_Hong Kong,3708.13,446.18,0.0,0.0,,144.44,138.58,46.07,28.64,37.51,46.85,28.72,0.0,0.0,0.0,0.0,0.11173515428232791,0,0,0,1,0,1,1,9,23,0,0,0.5121951219512195,3.5121951219512195,0.0,0.2608695652173913
ORD000010,2025-09-11,SMB,Standard,Electronics,7936.32,Hyderabad,Mumbai,Hazmat,GlobalTransit,4.0,9.0,Severely-Delayed,Minor_Damage,3.0,891.65,Hyderabad_to_Mumbai,771.73,88.0,617.39,16.0,Light_Rain,308.43,249.95,130.74,49.87,86.21,95.72,68.28,1.0,2.0,5.0,125.0,0.11233640573896479,1,1,1,0,0,1,3,9,11,0,0,0.6363636363636364,3.090909090909091,0.5,0.5909090909090909
ORD000011,2025-09-11,Enterprise,Standard,Books,41.07,Delhi,Bangkok,,EcoDeliver,3.0,4.0,Slightly-Delayed,Perfect,3.0,319.8,Delhi_to_Bangkok,4720.83,562.82,0.0,0.0,,96.98,95.16,38.5,18.57,26.49,38.01,24.98,1.0,1.0,1.0,33.33333333333333,7.601616353696221,0,0,0,0,0,0,3,9,11,0,0,0.375,4.0,0.3333333333333333,0.2608695652173913
ORD000012,2025-09-24,Enterprise,Standard,Electronics,73.42,Mumbai,Hong Kong,,ReliableExpress,3.0,3.0,On-Time,Perfect,5.0,583.33,Mumbai_to_Hong Kong,3797.36,454.22,0.0,0.0,,216.69,149.83,70.51,32.56,47.04,68.56,48.47,0.0,0.0,0.0,0.0,7.838349905939264,0,0,0,0,0,0,2,9,24,0,0,0.525,3.575,0.0,0.5909090909090909
ORD000013,2025-10-06,SMB,Standard,Food & Beverage,566.23,Hyderabad,Bangalore,,QuickShip,3.0,3.0,On-Time,Perfect,4.0,587.57,Hyderabad_to_Bangalore,164.57,22.21,131.65,102.0,,180.78,167.73,74.93,41.22,53.87,66.15,47.35,0.0,0.0,0.0,0.0,1.035858470109127,0,0,0,0,0,0,0,10,6,0,0,0.25806451612903225,4.096774193548387,0.0,0.36363636363636365
ORD000014,2025-10-10,SMB,Express,Industrial,1421.72,Delhi,Bangalore,,SpeedyLogistics,2.0,2.0,On-Time,Perfect,5.0,313.96,Delhi_to_Bangalore,1450.16,171.78,1160.13,45.0,,105.91,86.51,33.06,21.27,22.18,33.6,26.03,0.0,0.0,0.0,0.0,0.2206758884390463,0,0,0,1,0,1,4,10,10,0,0,0.5121951219512195,3.5121951219512195,0.6666666666666666,0.5652173913043478
ORD000015,2025-09-24,Enterprise,Standard,Industrial,396.69,Kolkata,Delhi,Hazmat,EcoDeliver,3.0,3.0,On-Time,Perfect,5.0,435.14,Kolkata_to_Delhi,1748.33,214.29,1398.67,25.0,Fog,133.59,125.98,47.47,25.17,39.76,35.54,30.88,0.0,0.0,0.0,0.0,1.0941688249641681,1,1,0,0,0,0,2,9,24,0,0,0.375,4.0,0.3333333333333333,0.5652173913043478
ORD000016,2025-09-03,Enterprise,Standard,Healthcare,34.57,Delhi,Mumbai,Fragile,ReliableExpress,3.0,3.0,On-Time,Perfect,5.0,425.42,Delhi_to_Mumbai,921.79,114.25,737.43,54.0,,134.78,143.76,54.39,26.19,31.96,46.48,41.65,0.0,0.0,0.0,0.0,11.960078718020805,0,1,0,0,0,0,2,9,3,0,0,0.525,3.575,0.4,0.5333333333333333
ORD000017,2025-09-22,Individual,Standard,Books,849.69,Hyderabad,Singapore,,GlobalTransit,5.0,5.0,On-Time,Perfect,4.0,437.4,Hyderabad_to_Singapore,2857.35,339.91,0.0,0.0,Light_Rain,140.86,148.11,64.17,41.91,35.77,46.01,30.69,0.0,0.0,0.0,0.0,0.5141708495456628,1,0,0,0,0,0,0,9,22,0,0,0.6363636363636364,3.090909090909091,0.5,0.2608695652173913
ORD000018,2025-09-02,Enterprise,Economy,Electronics,301.46,Mumbai,Chennai,Fragile,EcoDeliver,7.0,8.0,Slightly-Delayed,Perfect,3.0,658.72,Mumbai_to_Chennai,757.12,90.97,605.7,114.0,,247.18,199.68,88.18,47.05,57.03,74.42,37.76,1.0,1.0,1.0,14.285714285714285,2.1778747602988826,0,1,0,0,1,0,1,9,2,0,0,0.375,4.0,1.0,0.5909090909090909
ORD000019,2025-09-24,Enterprise,Standard,Electronics,296.08,Ahmedabad,Bangalore,Hazmat,GlobalTransit,5.0,6.0,Slightly-Delayed,Wrong_Item,1.0,417.76,Ahmedabad_to_Bangalore,1571.48,193.39,1257.18,81.0,,160.12,127.01,59.42,29.9,28.81,48.71,26.13,1.0,1.0,1.0,20.0,1.4062205466541,0,1,1,0,0,0,2,9,24,0,0,0.6363636363636364,3.090909090909091,1.0,0.5909090909090909
ORD000020,2025-10-14,SMB,Express,Fashion,13.24,Kolkata,Pune,Temperature_Controlled,QuickShip,2.0,2.0,On-Time,Perfect,5.0,311.13,Kolkata_to_Pune,1123.6,135.75,898.88,6.0,Fog,119.6,92.84,39.11,20.36,24.47,28.94,16.17,0.0,0.0,0.0,0.0,21.849016853932582,1,1,0,1,0,0,1,10,14,0,0,0.25806451612903225,4.096774193548387,0.5,0.4444444444444444
ORD000021,2025-09-30,Individual,Express,Healthcare,1334.39,Mumbai,Singapore,Fragile,QuickShip,2.0,2.0,On-Time,Perfect,5.0,526.67,Mumbai_to_Singapore,2601.42,308.26,0.0,0.0,Heavy_Rain,172.33,132.0,78.43,51.77,36.74,57.48,35.44,0.0,0.0,0.0,0.0,0.3943941470282089,1,1,0,1,0,0,1,9,30,0,1,0.25806451612903225,4.096774193548387,0.6,0.5333333333333333
ORD000022,2025-10-08,Enterprise,Standard,Home Goods,501.6,Bangalore,Dubai,Fragile,SpeedyLogistics,3.0,3.0,On-Time,Perfect,5.0,363.82,Bangalore_to_Dubai,3317.45,401.56,0.0,0.0,Heavy_Rain,133.56,120.26,53.6,25.47,32.44,32.98,36.21,0.0,0.0,0.0,0.0,0.7238758456028651,1,1,0,0,0,0,2,10,8,0,0,0.5121951219512195,3.5121951219512195,0.5,0.5555555555555556
ORD000023,2025-09-02,SMB,Express,Home Goods,5959.53,Ahmedabad,Dubai,,EcoDeliver,1.0,3.0,Slightly-Delayed,Perfect,4.0,577.28,Ahmedabad_to_Dubai,2187.37,266.32,0.0,0.0,,174.67,179.16,76.76,48.72,32.34,67.85,34.09,1.0,1.0,2.0,200.0,0.09685044786285783,0,0,0,1,0,1,1,9,2,0,0,0.375,4.0,0.5,0.5555555555555556
ORD000024,2025-09-21,Individual,Standard,Fashion,360.77,Bangalore,Kolkata,,ReliableExpress,5.0,6.0,Slightly-Delayed,Perfect,3.0,612.64,Bangalore_to_Kolkata,967.74,117.39,774.19,30.0,Light_Rain,221.94,166.8,70.67,47.37,43.41,52.94,35.87,1.0,1.0,1.0,20.0,1.6934516405450977,1,0,0,0,0,0,6,9,21,1,0,0.525,3.575,0.5,0.4444444444444444
ORD000025,2025-10-03,Enterprise,Economy,Fashion,943.42,Mumbai,Hyderabad,,QuickShip,10.0,10.0,On-Time,Perfect,5.0,951.95,Mumbai_to_Hyderabad,1396.41,171.86,1117.13,85.0,Light_Rain,325.39,310.08,137.94,51.6,66.31,79.97,48.39,0.0,0.0,0.0,0.0,1.0079731475402893,1,0,0,0,1,0,4,10,3,0,0,0.25806451612903225,4.096774193548387,0.5,0.4444444444444444
ORD000026,2025-09-12,Individual,Standard,Fashion,1404.91,Bangalore,Delhi,,SpeedyLogistics,5.0,6.0,Slightly-Delayed,Perfect,3.0,629.91,Bangalore_to_Delhi,1277.31,149.62,1021.84,20.0,,230.66,195.43,68.13,38.86,32.24,71.43,62.19,1.0,1.0,1.0,20.0,0.44804432716176706,0,0,0,0,0,1,4,9,12,0,0,0.5121951219512195,3.5121951219512195,0.3333333333333333,0.4444444444444444
ORD000027,2025-09-22,SMB,Standard,Books,29.39,Bangalore,Bangkok,,SpeedyLogistics,5.0,5.0,On-Time,Perfect,5.0,361.87,Bangalore_to_Bangkok,4413.31,527.38,0.0,0.0,,113.46,98.84,51.9,34.86,25.69,29.68,18.81,0.0,0.0,0.0,0.0,11.907535373478117,0,0,0,0,0,0,0,9,22,0,0,0.5121951219512195,3.5121951219512195,0.5714285714285714,0.2608695652173913
ORD000028,2025-10-14,SMB,Standard,Books,20435.93,Kolkata,Dubai,,GlobalTransit,5.0,5.0,On-Time,Perfect,5.0,620.17,Kolkata_to_Dubai,4872.34,579.77,0.0,0.0,Fog,221.65,179.41,62.91,49.09,31.36,69.15,40.51,0.0,0.0,0.0,0.0,0.030345555814890002,1,0,0,0,0,1,1,10,14,0,0,0.6363636363636364,3.090909090909091,0.0,0.2608695652173913
ORD000029,2025-09-25,SMB,Standard,Food & Beverage,211.41,Chennai,Singapore,,ReliableExpress,3.0,3.0,On-Time,Perfect,5.0,267.94,Chennai_to_Singapore,4030.46,486.94,0.0,0.0,,81.46,82.75,32.12,26.44,20.69,24.39,22.9,0.0,0.0,0.0,0.0,1.2614283696624453,0,0,0,0,0,0,3,9,25,0,1,0.525,3.575,0.5,0.36363636363636365
ORD000030,2025-10-19,SMB,Standard,Food & Beverage,847.13,Delhi,Chennai,Fragile,GlobalTransit,5.0,5.0,On-Time,Perfect,5.0,530.24,Delhi_to_Chennai,124.34,17.3,99.47,24.0,,173.47,180.51,62.96,41.09,27.85,51.46,48.58,0.0,0.0,0.0,0.0,0.6251871764941695,0,1,0,0,0,0,6,10,19,1,0,0.6363636363636364,3.090909090909091,0.5,0.36363636363636365
ORD000031,2025-09-27,Enterprise,Economy,Fashion,1054.55,Mumbai,Bangkok,Temperature_Controlled,QuickShip,7.0,8.0,Slightly-Delayed,Perfect,3.0,871.77,Mumbai_to_Bangkok,2207.09,259.91,0.0,0.0,Heavy_Rain,331.77,237.5,97.03,79.21,84.14,73.07,63.21,1.0,1.0,1.0,14.285714285714285,0.8258917152195538,1,1,0,0,1,0,5,9,27,1,1,0.25806451612903225,4.096774193548387,0.6,0.4444444444444444
ORD000032,2025-10-12,Individual,Standard,Healthcare,118.85,Chennai,Dubai,,ReliableExpress,3.0,5.0,Slightly-Delayed,Perfect,3.0,416.08,Chennai_to_Dubai,4465.78,538.99,0.0,0.0,Heavy_Rain,138.86,140.25,43.35,25.2,36.46,34.14,31.05,1.0,1.0,2.0,66.66666666666666,3.4716729244889444,1,0,0,0,0,0,6,10,12,1,0,0.525,3.575,0.5,0.5333333333333333
ORD000033,2025-09-28,SMB,Economy,Electronics,6441.2,Delhi,Chennai,,SpeedyLogistics,5.0,5.0,On-Time,Perfect,5.0,505.95,Delhi_to_Chennai,1290.06,150.85,1032.05,22.0,,174.15,143.41,60.58,38.7,29.38,52.05,45.67,0.0,0.0,0.0,0.0,0.07853683524261898,0,0,0,0,1,1,6,9,28,1,1,0.5121951219512195,3.5121951219512195,0.5,0.5909090909090909
ORD000034,2025-09-16,Enterprise,Economy,Books,601.2,Mumbai,Dubai,Temperature_Controlled,ReliableExpress,7.0,8.0,Slightly-Delayed,Perfect,3.0,791.94,Mumbai_to_Dubai,2232.95,267.03,0.0,0.0,,297.78,210.17,85.1,50.22,53.89,76.29,66.51,1.0,1.0,1.0,14.285714285714285,1.3150780471604118,0,1,0,0,1,0,1,9,16,0,0,0.525,3.575,1.0,0.2608695652173913
ORD000035,2025-09-15,Enterprise,Express,Healthcare,292.89,Pune,Delhi,,SpeedyLogistics,2.0,3.0,Slightly-Delayed,Perfect,3.0,602.9,Pune_to_Delhi,212.22,23.95,169.77,2.0,,184.29,152.82,72.1,51.16,35.98,63.7,37.98,1.0,1.0,1.0,50.0,2.051447820613155,0,0,0,1,0,0,0,9,15,0,0,0.5121951219512195,3.5121951219512195,1.0,0.5333333333333333
ORD000036,2025-10-17,SMB,Express,Industrial,496.59,Chennai,Hong Kong,Fragile,EcoDeliver,2.0,3.0,Slightly-Delayed,Perfect,3.0,518.38,Chennai_to_Hong Kong,3731.12,449.71,0.0,0.0,,201.45,176.03,59.54,31.88,36.58,46.46,43.35,1.0,1.0,1.0,50.0,1.0417813862818788,0,1,0,1,0,0,4,10,17,0,0,0.375,4.0,1.0,0.5652173913043478
ORD000037,2025-10-14,SMB,Express,Books,1269.5,Chennai,Dubai,,QuickShip,1.0,1.0,On-Time,Minor_Damage,4.0,253.27,Chennai_to_Dubai,2302.82,280.03,0.0,0.0,,96.9,80.36,35.77,17.69,14.64,27.74,17.23,0.0,0.0,0.0,0.0,0.19934671389216846,0,0,1,1,0,0,1,10,14,0,0,0.25806451612903225,4.096774193548387,0.5,0.2608695652173913
ORD000038,2025-09-03,Enterprise,Express,Books,410.02,Hyderabad,Singapore,,SpeedyLogistics,1.0,6.0,Severely-Delayed,Perfect,1.0,669.84,Hyderabad_to_Singapore,2338.79,284.08,0.0,0.0,,245.92,185.59,69.7,66.74,38.72,80.07,66.22,1.0,2.0,5.0,500.0,1.629701717677972,0,0,0,1,0,0,2,9,3,0,0,0.5121951219512195,3.5121951219512195,0.5,0.2608695652173913
ORD000039,2025-10-07,SMB,Express,Food & Beverage,1514.58,Bangalore,Dubai,Hazmat,GlobalTransit,2.0,3.0,Slightly-Delayed,Perfect,3.0,368.69,Bangalore_to_Dubai,3434.78,408.63,0.0,0.0,Light_Rain,139.87,116.48,47.52,34.4,23.77,36.39,29.85,1.0,1.0,1.0,50.0,0.24326660420433102,1,1,0,1,0,1,1,10,7,0,0,0.6363636363636364,3.090909090909091,0.5,0.36363636363636365
ORD000040,2025-09-07,Enterprise,Standard,Electronics,32.22,Kolkata,Hyderabad,,GlobalTransit,5.0,5.0,On-Time,Perfect,5.0,637.37,Kolkata_to_Hyderabad,1233.65,145.15,986.92,33.0,,217.42,186.59,74.26,49.85,58.98,56.13,61.65,0.0,0.0,0.0,0.0,19.186333534015652,0,0,0,0,0,0,6,9,7,1,0,0.6363636363636364,3.090909090909091,0.5,0.5909090909090909
ORD000041,2025-09-21,SMB,Express,Electronics,131.37,Bangalore,Bangkok,,ReliableExpress,1.0,2.0,Slightly-Delayed,Perfect,3.0,581.61,Bangalore_to_Bangkok,4410.45,533.55,0.0,0.0,,214.56,193.28,74.34,51.75,29.55,65.57,30.25,1.0,1.0,1.0,100.0,4.393820352043514,0,0,0,1,0,0,6,9,21,1,0,0.525,3.575,0.5714285714285714,0.5909090909090909
ORD000042,2025-09-09,Enterprise,Standard,Home Goods,16.31,Mumbai,Bangkok,Fragile,ReliableExpress,4.0,4.0,On-Time,Perfect,4.0,588.56,Mumbai_to_Bangkok,4718.33,564.41,0.0,0.0,,228.94,205.52,67.51,35.62,51.95,53.04,54.9,0.0,0.0,0.0,0.0,34.00115540150202,0,1,0,0,0,0,1,9,9,0,0,0.525,3.575,0.6,0.5555555555555556
ORD000043,2025-10-09,SMB,Economy,Home Goods,8066.8,Delhi,Bangalore,,QuickShip,10.0,12.0,Slightly-Delayed,Wrong_Item,1.0,1045.15,Delhi_to_Bangalore,484.25,59.51,387.4,52.0,,324.29,274.45,155.68,87.47,96.51,97.17,87.61,1.0,1.0,2.0,20.0,0.1295458489303156,0,0,1,0,1,1,3,10,9,0,0,0.25806451612903225,4.096774193548387,0.6666666666666666,0.5555555555555556
ORD000044,2025-09-18,SMB,Express,Home Goods,7910.83,Bangalore,Singapore,,SpeedyLogistics,1.0,1.0,On-Time,Perfect,5.0,150.84,Bangalore_to_Singapore,2643.88,316.43,0.0,0.0,Light_Rain,54.22,46.81,20.23,11.88,10.78,13.73,13.34,0.0,0.0,0.0,0.0,0.01906512147000125,1,0,0,1,0,1,3,9,18,0,0,0.5121951219512195,3.5121951219512195,0.0,0.5555555555555556
ORD000045,2025-09-04,Individual,Economy,Home Goods,1032.69,Kolkata,Pune,Hazmat,SpeedyLogistics,5.0,5.0,On-Time,Perfect,4.0,637.03,Kolkata_to_Pune,419.33,52.52,335.47,31.0,,205.52,203.36,71.14,51.77,55.65,56.54,33.76,0.0,0.0,0.0,0.0,0.616267933326239,0,1,0,0,1,0,3,9,4,0,0,0.5121951219512195,3.5121951219512195,0.5,0.5555555555555556
ORD000046,2025-09-25,Enterprise,Standard,Industrial,88.33,Mumbai,Singapore,,SpeedyLogistics,3.0,5.0,Slightly-Delayed,Perfect,3.0,681.84,Mumbai_to_Singapore,3757.59,452.16,0.0,0.0,,213.48,211.78,97.14,35.63,59.12,63.86,50.41,1.0,1.0,2.0,66.66666666666666,7.632822120228367,0,0,0,0,0,0,3,9,25,0,1,0.5121951219512195,3.5121951219512195,0.6,0.5652173913043478
ORD000047,2025-09-14,SMB,Express,Industrial,14542.31,Mumbai,Bangkok,Temperature_Controlled,QuickShip,1.0,1.0,On-Time,Perfect,4.0,166.22,Mumbai_to_Bangkok,4047.85,483.16,0.0,0.0,Light_Rain,65.31,47.07,20.49,8.42,8.99,15.02,8.54,0.0,0.0,0.0,0.0,0.011429310108909182,1,1,0,1,0,1,6,9,14,1,0,0.25806451612903225,4.096774193548387,0.6,0.5652173913043478
ORD000048,2025-10-20,Enterprise,Standard,Books,162.94,Delhi,Hyderabad,,EcoDeliver,3.0,3.0,On-Time,Perfect,5.0,598.64,Delhi_to_Hyderabad,1498.31,182.84,1198.65,21.0,,217.39,175.19,76.27,35.16,38.79,63.79,58.83,0.0,0.0,0.0,0.0,3.6515798462852262,0,0,0,0,0,0,0,10,20,0,0,0.375,4.0,0.0,0.2608695652173913
ORD000049,2025-09-09,Individual,Standard,Fashion,293.0,Delhi,Hong Kong,,GlobalTransit,5.0,5.0,On-Time,Major_Damage,3.0,452.68,Delhi_to_Hong Kong,2359.86,287.35,0.0,0.0,Light_Rain,138.09,153.48,58.33,35.4,33.96,37.47,24.67,0.0,0.0,0.0,0.0,1.5397278911564627,1,0,1,0,0,0,1,9,9,0,0,0.6363636363636364,3.090909090909091,0.0,0.4444444444444444
ORD000050,2025-09-26,Individual,Economy,Food & Beverage,512.5,Kolkata,Delhi,,SpeedyLogistics,5.0,5.0,On-Time,Wrong_Item,4.0,616.12,Kolkata_to_Delhi,782.46,90.48,625.97,33.0,,221.86,175.04,89.87,43.33,35.22,66.9,39.84,0.0,0.0,0.0,0.0,1.199844206426485,0,0,1,0,1,0,4,9,26,0,1,0.5121951219512195,3.5121951219512195,0.3333333333333333,0.36363636363636365
ORD000051,2025-09-02,Enterprise,Economy,Food & Beverage,794.15,Delhi,Pune,,QuickShip,10.0,10.0,On-Time,Perfect,5.0,920.14,Delhi_to_Pune,1170.25,135.97,936.2,75.0,,324.39,294.25,133.43,82.45,77.12,98.63,89.53,0.0,0.0,0.0,0.0,1.1571904672074451,0,0,0,0,1,0,1,9,2,0,0,0.25806451612903225,4.096774193548387,0.6666666666666666,0.36363636363636365
ORD000052,2025-09-20,SMB,Economy,Home Goods,1059.66,Chennai,Hyderabad,Temperature_Controlled,ReliableExpress,7.0,8.0,Slightly-Delayed,Perfect,3.0,765.07,Chennai_to_Hyderabad,274.67,29.85,219.74,92.0,,252.15,191.35,86.91,46.59,63.57,80.6,60.96,1.0,1.0,1.0,14.285714285714285,0.7213150302641751,0,1,0,0,1,0,5,9,20,1,0,0.525,3.575,0.6666666666666666,0.5555555555555556
ORD000053,2025-09-28,Individual,Standard,Books,1125.45,Bangalore,Hyderabad,Temperature_Controlled,ReliableExpress,3.0,3.0,On-Time,Perfect,5.0,286.91,Bangalore_to_Hyderabad,569.49,70.41,455.59,86.0,,86.54,92.64,33.33,23.89,22.33,26.89,16.28,0.0,0.0,0.0,0.0,0.25470282746682055,0,1,0,0,0,0,6,9,28,1,1,0.525,3.575,0.0,0.2608695652173913
ORD000054,2025-10-17,SMB,Express,Healthcare,324.8,Bangalore,Mumbai,,EcoDeliver,2.0,3.0,Slightly-Delayed,Perfect,3.0,488.53,Bangalore_to_Mumbai,893.85,105.67,715.08,43.0,Light_Rain,151.17,162.75,71.29,40.3,26.95,46.94,42.23,1.0,1.0,1.0,50.0,1.499478207489257,1,0,0,1,0,0,4,10,17,0,0,0.375,4.0,0.5,0.5333333333333333
ORD000055,2025-09-07,SMB,Economy,Fashion,1099.0,Hyderabad,Delhi,Fragile,GlobalTransit,7.0,12.0,Severely-Delayed,Perfect,3.0,919.83,Hyderabad_to_Delhi,637.66,72.54,510.13,64.0,,347.68,240.83,91.98,78.74,62.39,82.95,46.58,1.0,2.0,5.0,71.42857142857143,0.8362090909090909,0,1,0,0,1,0,6,9,7,1,0,0.6363636363636364,3.090909090909091,1.0,0.4444444444444444
ORD000056,2025-10-14,Enterprise,Economy,Books,303.74,Delhi,Singapore,,SpeedyLogistics,7.0,7.0,On-Time,Perfect,5.0,810.13,Delhi_to_Singapore,3694.95,447.06,0.0,0.0,,286.81,271.49,119.8,63.42,61.35,67.57,62.74,0.0,0.0,0.0,0.0,2.6584301371661088,0,0,0,0,1,0,1,10,14,0,0,0.5121951219512195,3.5121951219512195,0.0,0.2608695652173913
ORD000057,2025-09-08,Enterprise,Economy,Fashion,961.94,Kolkata,Bangalore,,EcoDeliver,10.0,10.0,On-Time,Perfect,5.0,761.7,Kolkata_to_Bangalore,1642.24,201.5,1313.79,82.0,Heavy_Rain,257.45,236.67,90.97,47.24,41.7,70.53,41.77,0.0,0.0,0.0,0.0,0.7910150165119322,1,0,0,0,1,0,0,9,8,0,0,0.375,4.0,0.0,0.4444444444444444
ORD000058,2025-10-17,Individual,Standard,Fashion,850.6,Delhi,Hong Kong,,ReliableExpress,4.0,4.0,On-Time,Incomplete,3.0,428.43,Delhi_to_Hong Kong,3131.95,380.48,0.0,0.0,,136.11,149.41,52.36,32.81,40.14,51.34,33.9,0.0,0.0,0.0,0.0,0.503088304368248,0,0,1,0,0,0,4,10,17,0,0,0.525,3.575,0.0,0.4444444444444444
ORD000059,2025-10-05,Individual,Standard,Fashion,1266.83,Delhi,Chennai,,GlobalTransit,3.0,7.0,Severely-Delayed,Perfect,1.0,749.94,Delhi_to_Chennai,1267.93,152.09,1014.35,32.0,Heavy_Rain,285.91,212.0,86.46,52.6,62.71,80.46,49.32,1.0,2.0,4.0,133.33333333333331,0.5915146352428954,1,0,0,0,0,0,6,10,5,1,0,0.6363636363636364,3.090909090909091,0.5,0.4444444444444444
ORD000060,2025-09-14,SMB,Economy,Books,1050.42,Pune,Singapore,,ReliableExpress,5.0,5.0,On-Time,Perfect,5.0,515.07,Pune_to_Singapore,4532.75,545.69,0.0,0.0,,161.38,161.34,54.81,40.65,43.61,55.64,45.16,0.0,0.0,0.0,0.0,0.4898803522854806,0,0,0,0,1,0,6,9,14,1,0,0.525,3.575,0.0,0.2608695652173913
ORD000061,2025-09-17,SMB,Standard,Home Goods,207.75,Mumbai,Singapore,Fragile,ReliableExpress,4.0,4.0,On-Time,Perfect,5.0,558.44,Mumbai_to_Singapore,2762.69,335.28,0.0,0.0,,216.28,167.53,76.23,45.21,33.13,45.25,35.87,0.0,0.0,0.0,0.0,2.675161676646707,0,1,0,0,0,0,2,9,17,0,0,0.525,3.575,0.6,0.5555555555555556
ORD000062,2025-10-06,SMB,Economy,Food & Beverage,802.77,Mumbai,Bangalore,,QuickShip,5.0,5.0,On-Time,Perfect,4.0,608.58,Mumbai_to_Bangalore,573.35,65.1,458.68,67.0,Light_Rain,209.54,189.7,86.72,36.4,34.25,72.14,33.72,0.0,0.0,0.0,0.0,0.7571568981176208,1,0,0,0,1,0,0,10,6,0,0,0.25806451612903225,4.096774193548387,0.0,0.36363636363636365
ORD000063,2025-10-20,Individual,Economy,Food & Beverage,1075.03,Kolkata,Singapore,,ReliableExpress,7.0,9.0,Slightly-Delayed,Perfect,3.0,905.22,Kolkata_to_Singapore,2894.16,343.35,0.0,0.0,Light_Rain,314.88,279.31,115.03,49.15,47.84,76.24,71.77,1.0,1.0,2.0,28.57142857142857,0.8412590727024339,1,0,0,0,1,0,0,10,20,0,0,0.525,3.575,0.5,0.36363636363636365
ORD000064,2025-10-10,Individual,Standard,Home Goods,58.17,Mumbai,Bangkok,,GlobalTransit,4.0,5.0,Slightly-Delayed,Perfect,3.0,589.48,Mumbai_to_Bangkok,3932.45,467.38,0.0,0.0,,208.93,161.15,77.75,53.64,30.7,58.9,49.79,1.0,1.0,1.0,25.0,9.962480986986648,0,0,0,0,0,0,4,10,10,0,0,0.6363636363636364,3.090909090909091,0.6,0.5555555555555556
ORD000065,2025-09-04,Individual,Economy,Fashion,267.45,Hyderabad,Mumbai,,QuickShip,7.0,7.0,On-Time,Perfect,5.0,650.86,Hyderabad_to_Mumbai,1726.56,207.19,1381.25,40.0,,211.68,182.75,85.06,61.76,58.9,67.25,56.31,0.0,0.0,0.0,0.0,2.424511082138201,0,0,0,0,1,0,3,9,4,0,0,0.25806451612903225,4.096774193548387,0.5,0.4444444444444444
ORD000066,2025-09-02,Individual,Economy,Healthcare,1004.43,Delhi,Pune,Fragile,QuickShip,7.0,12.0,Severely-Delayed,Perfect,3.0,755.55,Delhi_to_Pune,288.66,35.98,230.93,98.0,,254.23,237.32,93.17,44.95,64.29,77.26,51.33,1.0,2.0,5.0,71.42857142857143,0.7514695205036651,0,1,0,0,1,0,1,9,2,0,0,0.25806451612903225,4.096774193548387,0.6666666666666666,0.5333333333333333
ORD000067,2025-09-06,SMB,Express,Electronics,5239.28,Pune,Singapore,,ReliableExpress,1.0,1.0,On-Time,Perfect,5.0,196.3,Pune_to_Singapore,2157.07,261.52,0.0,0.0,,76.78,49.49,22.73,10.37,17.34,21.22,13.07,0.0,0.0,0.0,0.0,0.037459830390742486,0,0,0,1,0,1,5,9,6,1,0,0.525,3.575,0.0,0.5909090909090909
ORD000068,2025-10-12,Enterprise,Economy,Books,1390.4,Kolkata,Bangalore,,ReliableExpress,7.0,7.0,On-Time,Perfect,4.0,511.73,Kolkata_to_Bangalore,1497.71,183.23,1198.16,15.0,,188.09,148.19,70.52,37.21,36.14,60.07,32.01,0.0,0.0,0.0,0.0,0.3677806525801351,0,0,0,0,1,1,6,10,12,1,0,0.525,3.575,0.0,0.2608695652173913
ORD000069,2025-09-04,Enterprise,Standard,Electronics,5759.28,Chennai,Singapore,,ReliableExpress,3.0,4.0,Slightly-Delayed,Perfect,3.0,368.74,Chennai_to_Singapore,4609.29,555.42,0.0,0.0,,115.06,113.74,54.75,25.4,19.58,34.5,27.76,1.0,1.0,1.0,33.33333333333333,0.06401424930732534,0,0,0,0,0,1,3,9,4,0,0,0.525,3.575,0.5,0.5909090909090909
ORD000070,2025-09-29,Individual,Economy,Home Goods,221.95,Pune,Mumbai,,SpeedyLogistics,10.0,15.0,Severely-Delayed,Perfect,1.0,1105.15,Pune_to_Mumbai,1453.61,176.97,1162.89,108.0,,349.44,349.02,165.65,80.22,74.86,106.13,61.62,1.0,2.0,5.0,50.0,4.956941018165509,0,0,0,0,1,0,0,9,29,0,1,0.5121951219512195,3.5121951219512195,1.0,0.5555555555555556
ORD000071,2025-09-18,SMB,Standard,Healthcare,587.15,Delhi,Bangkok,,ReliableExpress,5.0,5.0,On-Time,Perfect,5.0,646.39,Delhi_to_Bangkok,2409.8,290.69,0.0,0.0,Light_Rain,251.01,188.41,77.16,53.64,46.61,68.47,34.31,0.0,0.0,0.0,0.0,1.0990223582419452,1,0,0,0,0,0,3,9,18,0,0,0.525,3.575,0.3333333333333333,0.5333333333333333
ORD000072,2025-09-26,Enterprise,Economy,Books,1351.0,Pune,Bangkok,,ReliableExpress,5.0,9.0,Severely-Delayed,Perfect,1.0,762.0,Pune_to_Bangkok,2946.88,355.07,0.0,0.0,,290.61,262.17,100.92,74.47,43.87,75.51,61.03,1.0,2.0,4.0,80.0,0.5636094674556213,0,0,0,0,1,0,4,9,26,0,1,0.525,3.575,1.0,0.2608695652173913
ORD000073,2025-10-14,Enterprise,Standard,Home Goods,12.31,Mumbai,Dubai,Fragile,ReliableExpress,3.0,8.0,Severely-Delayed,Perfect,2.0,831.61,Mumbai_to_Dubai,4139.62,493.75,0.0,0.0,Heavy_Rain,297.86,241.29,97.22,46.85,57.87,71.94,72.12,1.0,2.0,5.0,166.66666666666669,62.480090157776104,1,1,0,0,0,0,1,10,14,0,0,0.525,3.575,1.0,0.5555555555555556
ORD000074,2025-10-04,SMB,Express,Fashion,3890.16,Bangalore,Bangkok,Temperature_Controlled,ReliableExpress,2.0,2.0,On-Time,Perfect,5.0,596.51,Bangalore_to_Bangkok,2862.23,342.15,0.0,0.0,,191.41,152.62,76.13,47.58,55.83,61.49,40.13,0.0,0.0,0.0,0.0,0.1532987592388902,0,1,0,1,0,1,5,10,4,1,0,0.525,3.575,0.5714285714285714,0.4444444444444444
ORD000075,2025-09-10,Enterprise,Economy,Food & Beverage,24.75,Delhi,Dubai,,ReliableExpress,10.0,15.0,Severely-Delayed,Perfect,3.0,1178.01,Delhi_to_Dubai,2334.54,280.3,0.0,0.0,,448.0,358.15,122.47,92.23,112.38,112.92,76.35,1.0,2.0,5.0,50.0,45.747961165048544,0,0,0,0,1,0,2,9,10,0,0,0.525,3.575,1.0,0.36363636363636365
ORD000076,2025-10-06,Enterprise,Express,Electronics,1799.76,Bangalore,Hyderabad,,QuickShip,2.0,2.0,On-Time,Perfect,5.0,477.95,Bangalore_to_Hyderabad,1520.32,177.58,1216.25,36.0,Heavy_Rain,150.24,126.73,58.14,38.13,25.82,56.2,41.94,0.0,0.0,0.0,0.0,0.26541571336546793,1,0,0,1,0,1,0,10,6,0,0,0.25806451612903225,4.096774193548387,0.0,0.5909090909090909
ORD000077,2025-09-14,SMB,Standard,Industrial,1130.31,Mumbai,Hong Kong,,QuickShip,3.0,3.0,On-Time,Perfect,5.0,463.0,Mumbai_to_Hong Kong,4514.8,543.87,0.0,0.0,Heavy_Rain,166.06,154.11,48.16,34.19,37.74,52.39,41.29,0.0,0.0,0.0,0.0,0.4092600613448127,1,0,0,0,0,0,6,9,14,1,0,0.25806451612903225,4.096774193548387,0.0,0.5652173913043478
ORD000078,2025-10-01,SMB,Economy,Industrial,12.07,Hyderabad,Chennai,,SpeedyLogistics,7.0,7.0,On-Time,Perfect,5.0,629.54,Hyderabad_to_Chennai,153.42,20.77,122.73,101.0,,206.3,216.62,66.87,59.02,62.04,54.82,54.21,0.0,0.0,0.0,0.0,48.166794185156846,0,0,0,0,1,0,2,10,1,0,0,0.5121951219512195,3.5121951219512195,0.5,0.5652173913043478
ORD000079,2025-10-18,SMB,Economy,Healthcare,13.02,Hyderabad,Bangkok,,GlobalTransit,7.0,8.0,Slightly-Delayed,Wrong_Item,2.0,533.76,Hyderabad_to_Bangkok,3785.4,449.35,0.0,0.0,,162.28,155.08,67.15,42.18,51.67,57.05,39.53,1.0,1.0,1.0,14.285714285714285,38.07132667617689,0,0,1,0,1,0,5,10,18,1,0,0.6363636363636364,3.090909090909091,1.0,0.5333333333333333
ORD000080,2025-09-15,Enterprise,Standard,Fashion,3458.96,Pune,Hyderabad,,QuickShip,3.0,3.0,On-Time,Perfect,5.0,409.75,Pune_to_Hyderabad,1737.95,208.74,1390.36,101.0,Light_Rain,156.1,141.39,41.43,40.62,22.25,46.13,26.23,0.0,0.0,0.0,0.0,0.11842622458063098,1,0,0,0,0,1,0,9,15,0,0,0.25806451612903225,4.096774193548387,0.0,0.4444444444444444
ORD000081,2025-09-08,Individual,Standard,Electronics,2495.1,Mumbai,Ahmedabad,,ReliableExpress,5.0,7.0,Slightly-Delayed,Perfect,3.0,814.05,Mumbai_to_Ahmedabad,873.36,102.48,698.69,80.0,,254.98,239.32,107.62,56.21,42.92,84.64,77.43,1.0,1.0,2.0,40.0,0.3261287608669524,0,0,0,0,0,1,0,9,8,0,0,0.525,3.575,0.5,0.5909090909090909
ORD000082,2025-09-14,Enterprise,Standard,Fashion,107.63,Chennai,Hyderabad,,SpeedyLogistics,5.0,6.0,Slightly-Delayed,Perfect,3.0,723.21,Chennai_to_Hyderabad,1759.22,207.36,1407.38,52.0,,244.68,196.45,88.32,37.91,65.83,81.76,57.42,1.0,1.0,1.0,20.0,6.657553162109915,0,0,0,0,0,0,6,9,14,1,0,0.5121951219512195,3.5121951219512195,0.6666666666666666,0.4444444444444444
ORD000083,2025-09-23,SMB,Standard,Electronics,107.47,Bangalore,Bangkok,,SpeedyLogistics,5.0,10.0,Severely-Delayed,Perfect,2.0,686.42,Bangalore_to_Bangkok,3147.74,376.41,0.0,0.0,,230.16,226.5,87.68,62.67,55.99,76.45,54.86,1.0,2.0,5.0,100.0,6.328201345994284,0,0,0,0,0,0,1,9,23,0,0,0.5121951219512195,3.5121951219512195,0.5714285714285714,0.5909090909090909
ORD000084,2025-10-10,Individual,Standard,Healthcare,870.36,Delhi,Hong Kong,,ReliableExpress,4.0,4.0,On-Time,Perfect,5.0,486.64,Delhi_to_Hong Kong,3306.52,395.1,0.0,0.0,,166.15,168.28,61.83,39.06,29.7,51.11,38.24,0.0,0.0,0.0,0.0,0.5584832904884318,0,0,0,0,0,0,4,10,10,0,0,0.525,3.575,0.0,0.5333333333333333
ORD000085,2025-09-21,SMB,Standard,Healthcare,395.79,Delhi,Dubai,,SpeedyLogistics,4.0,7.0,Severely-Delayed,Perfect,1.0,776.69,Delhi_to_Dubai,4217.08,503.28,0.0,0.0,,247.36,198.8,101.14,68.49,59.16,69.18,64.72,1.0,2.0,3.0,75.0,1.957433403059553,0,0,0,0,0,0,6,9,21,1,0,0.5121951219512195,3.5121951219512195,1.0,0.5333333333333333
ORD000086,2025-09-16,Individual,Economy,Industrial,1961.75,Delhi,Chennai,,SpeedyLogistics,7.0,10.0,Severely-Delayed,Perfect,1.0,626.95,Delhi_to_Chennai,1070.1,129.09,856.08,116.0,,193.11,184.44,67.82,37.13,37.69,59.85,32.95,1.0,2.0,3.0,42.857142857142854,0.319424277162145,0,0,0,0,1,1,1,9,16,0,0,0.5121951219512195,3.5121951219512195,0.5,0.5652173913043478
ORD000087,2025-10-15,SMB,Economy,Fashion,828.3,Chennai,Ahmedabad,,SpeedyLogistics,10.0,10.0,On-Time,Perfect,4.0,754.96,Chennai_to_Ahmedabad,1756.13,214.21,1404.9,72.0,,256.52,227.37,93.74,52.2,69.42,64.79,56.84,0.0,0.0,0.0,0.0,0.9103581333654891,0,0,0,0,1,0,2,10,15,0,0,0.5121951219512195,3.5121951219512195,0.3333333333333333,0.4444444444444444
ORD000088,2025-09-18,SMB,Economy,Books,4335.3,Bangalore,Hong Kong,Fragile,SpeedyLogistics,5.0,5.0,On-Time,Perfect,4.0,690.74,Bangalore_to_Hong Kong,4489.29,539.78,0.0,0.0,,211.51,177.6,88.89,54.09,64.86,70.67,67.69,0.0,0.0,0.0,0.0,0.15929248437608098,0,1,0,0,1,1,3,9,18,0,0,0.5121951219512195,3.5121951219512195,0.3333333333333333,0.2608695652173913
ORD000089,2025-10-17,Enterprise,Express,Industrial,1728.69,Bangalore,Hong Kong,,SpeedyLogistics,1.0,2.0,Slightly-Delayed,Perfect,3.0,361.56,Bangalore_to_Hong Kong,2621.28,311.08,0.0,0.0,Heavy_Rain,110.23,93.93,36.95,21.43,27.86,38.26,18.9,1.0,1.0,1.0,100.0,0.20903167619631263,1,0,0,1,0,1,4,10,17,0,0,0.5121951219512195,3.5121951219512195,0.3333333333333333,0.5652173913043478
ORD000090,2025-09-24,SMB,Standard,Fashion,1189.35,Mumbai,Bangkok,Hazmat,GlobalTransit,4.0,5.0,Slightly-Delayed,Perfect,3.0,381.05,Mumbai_to_Bangkok,4130.41,500.02,0.0,0.0,,150.36,127.35,43.76,20.52,22.29,32.42,21.4,1.0,1.0,1.0,25.0,0.3201159322888226,0,1,0,0,0,0,2,9,24,0,0,0.6363636363636364,3.090909090909091,0.6,0.4444444444444444
ORD000091,2025-09-26,Enterprise,Express,Industrial,237.89,Mumbai,Hyderabad,,GlobalTransit,1.0,5.0,Severely-Delayed,Perfect,1.0,567.01,Mumbai_to_Hyderabad,904.78,104.17,723.83,43.0,,199.51,155.69,66.85,56.4,47.75,66.88,32.39,1.0,2.0,4.0,400.0,2.3735191929339865,0,0,0,1,0,0,4,9,26,0,1,0.6363636363636364,3.090909090909091,0.5,0.5652173913043478
ORD000092,2025-09-25,Enterprise,Standard,Books,213.15,Mumbai,Ahmedabad,Fragile,EcoDeliver,5.0,5.0,On-Time,Major_Damage,4.0,694.7,Mumbai_to_Ahmedabad,1728.24,211.82,1382.59,4.0,,234.96,212.21,72.14,34.88,58.02,73.41,49.0,0.0,0.0,0.0,0.0,3.2439878589773525,0,1,1,0,0,0,3,9,25,0,1,0.375,4.0,0.5,0.2608695652173913
ORD000093,2025-10-15,Individual,Standard,Food & Beverage,373.29,Ahmedabad,Delhi,,QuickShip,4.0,8.0,Severely-Delayed,Perfect,1.0,736.11,Ahmedabad_to_Delhi,1206.63,146.24,965.3,31.0,,256.88,214.61,74.49,49.15,43.32,61.79,72.02,1.0,2.0,4.0,100.0,1.9666835875925084,0,0,0,0,0,0,2,10,15,0,0,0.25806451612903225,4.096774193548387,0.5,0.36363636363636365
ORD000094,2025-10-11,SMB,Economy,Food & Beverage,6383.13,Mumbai,Kolkata,Fragile,ReliableExpress,10.0,11.0,Slightly-Delayed,Perfect,3.0,740.51,Mumbai_to_Kolkata,721.66,83.85,577.33,107.0,,266.54,239.09,85.73,51.58,45.8,62.11,43.65,1.0,1.0,1.0,10.0,0.11599231218662527,0,1,0,0,1,1,5,10,11,1,0,0.525,3.575,0.5,0.36363636363636365
ORD000095,2025-09-29,Individual,Standard,Food & Beverage,219.33,Mumbai,Bangalore,Fragile,SpeedyLogistics,3.0,3.0,On-Time,Perfect,5.0,403.7,Mumbai_to_Bangalore,1623.33,198.27,1298.66,44.0,,153.31,128.28,51.41,29.77,38.8,33.47,25.85,0.0,0.0,0.0,0.0,1.8322516225661507,0,1,0,0,0,0,0,9,29,0,1,0.5121951219512195,3.5121951219512195,0.0,0.36363636363636365
ORD000096,2025-09-15,SMB,Express,Food & Beverage,596.33,Delhi,Ahmedabad,,SpeedyLogistics,2.0,2.0,On-Time,Perfect,5.0,380.05,Delhi_to_Ahmedabad,1768.81,212.53,1415.05,67.0,,127.31,124.75,56.87,23.58,35.62,43.03,23.27,0.0,0.0,0.0,0.0,0.6362479701337619,0,0,0,1,0,0,0,9,15,0,0,0.5121951219512195,3.5121951219512195,0.0,0.36363636363636365
ORD000097,2025-10-15,Individual,Express,Home Goods,13.91,Kolkata,Delhi,,ReliableExpress,1.0,2.0,Slightly-Delayed,Perfect,3.0,431.71,Kolkata_to_Delhi,1246.02,147.12,996.82,48.0,Heavy_Rain,146.75,125.61,64.29,25.49,38.84,40.31,37.36,1.0,1.0,1.0,100.0,28.95439302481556,1,0,0,1,0,0,2,10,15,0,0,0.525,3.575,0.3333333333333333,0.5555555555555556
ORD000098,2025-09-01,SMB,Economy,Electronics,1111.77,Ahmedabad,Bangkok,,SpeedyLogistics,5.0,9.0,Severely-Delayed,Perfect,3.0,853.74,Ahmedabad_to_Bangkok,3012.02,363.69,0.0,0.0,,291.98,262.81,120.92,77.01,79.67,70.34,72.23,1.0,2.0,4.0,80.0,0.7672205397341769,0,0,0,0,1,0,0,9,1,0,0,0.5121951219512195,3.5121951219512195,1.0,0.5909090909090909
ORD000099,2025-09-25,SMB,Standard,Home Goods,11917.91,Kolkata,Mumbai,,QuickShip,4.0,5.0,Slightly-Delayed,Perfect,4.0,389.55,Kolkata_to_Mumbai,203.07,26.27,162.46,25.0,,122.32,113.59,49.64,27.32,29.6,46.69,22.11,1.0,1.0,1.0,25.0,0.032683357790267736,0,0,0,0,0,1,3,9,25,0,1,0.25806451612903225,4.096774193548387,0.5,0.5555555555555556
ORD000100,2025-09-07,SMB,Express,Home Goods,99.44,Chennai,Dubai,,QuickShip,2.0,2.0,On-Time,Perfect,5.0,555.86,Chennai_to_Dubai,2023.52,244.13,0.0,0.0,,204.3,160.98,59.28,32.2,54.18,64.03,53.0,0.0,0.0,0.0,0.0,5.534249303066508,0,0,0,1,0,0,6,9,7,1,0,0.25806451612903225,4.096774193548387,0.5,0.5555555555555556
ORD000101,2025-09-09,Enterprise,Express,Home Goods,47177.07,Bangalore,Mumbai,,QuickShip,2.0,2.0,On-Time,Perfect,5.0,204.92,Bangalore_to_Mumbai,328.27,43.97,262.61,26.0,Light_Rain,81.79,55.5,24.13,17.1,15.2,19.82,13.91,0.0,0.0,0.0,0.0,0.0043435435150272145,1,0,0,1,0,1,1,9,9,0,0,0.25806451612903225,4.096774193548387,0.5,0.5555555555555556
ORD000102,2025-09-24,Individual,Economy,Food & Beverage,530.26,Mumbai,Singapore,,SpeedyLogistics,5.0,7.0,Slightly-Delayed,Perfect,4.0,598.02,Mumbai_to_Singapore,3062.8,372.03,0.0,0.0,Fog,214.92,183.93,64.63,44.01,46.45,61.48,36.18,1.0,1.0,2.0,40.0,1.1256635169220344,1,0,0,0,1,0,2,9,24,0,0,0.5121951219512195,3.5121951219512195,0.6,0.36363636363636365
ORD000103,2025-09-01,Enterprise,Express,Books,8.5,Pune,Delhi,,GlobalTransit,1.0,2.0,Slightly-Delayed,Perfect,3.0,210.97,Pune_to_Delhi,1155.54,142.95,924.44,61.0,,78.95,53.27,24.84,18.78,16.5,19.08,17.88,1.0,1.0,1.0,100.0,22.20736842105263,0,0,0,1,0,0,0,9,1,0,0,0.6363636363636364,3.090909090909091,1.0,0.2608695652173913
ORD000104,2025-10-14,Enterprise,Economy,Healthcare,226.26,Kolkata,Singapore,Fragile,QuickShip,5.0,5.0,On-Time,Perfect,5.0,507.19,Kolkata_to_Singapore,3639.73,436.1,0.0,0.0,,180.93,167.18,69.36,40.83,37.74,43.28,31.99,0.0,0.0,0.0,0.0,2.2317609786148025,0,1,0,0,1,0,1,10,14,0,0,0.25806451612903225,4.096774193548387,0.5,0.5333333333333333
ORD000105,2025-09-08,SMB,Economy,Healthcare,2968.04,Chennai,Bangalore,,SpeedyLogistics,10.0,10.0,On-Time,Perfect,5.0,810.33,Chennai_to_Bangalore,381.77,45.27,305.42,43.0,Heavy_Rain,277.06,251.15,101.85,52.19,40.78,80.91,52.09,0.0,0.0,0.0,0.0,0.2729266025381942,1,0,0,0,1,1,0,9,8,0,0,0.5121951219512195,3.5121951219512195,0.0,0.5333333333333333
ORD000106,2025-09-24,Enterprise,Express,Electronics,8094.79,Kolkata,Pune,Hazmat,ReliableExpress,1.0,4.0,Severely-Delayed,Perfect,1.0,504.67,Kolkata_to_Pune,1246.39,145.94,997.11,74.0,Light_Rain,188.47,127.38,65.22,48.99,29.63,49.89,27.54,1.0,2.0,3.0,300.0,0.062337338295583265,1,1,0,1,0,1,2,9,24,0,0,0.525,3.575,0.5,0.5909090909090909
ORD000107,2025-09-11,Individual,Express,Food & Beverage,1184.59,Kolkata,Bangalore,,ReliableExpress,1.0,1.0,On-Time,Perfect,5.0,216.25,Kolkata_to_Bangalore,1551.43,183.59,1241.15,69.0,,78.41,65.97,26.03,16.45,20.51,19.0,11.06,0.0,0.0,0.0,0.0,0.18239863696556147,0,0,0,1,0,0,3,9,11,0,0,0.525,3.575,0.0,0.36363636363636365
ORD000108,2025-09-17,Individual,Economy,Food & Beverage,4236.07,Chennai,Ahmedabad,,EcoDeliver,10.0,10.0,On-Time,Perfect,4.0,858.3,Chennai_to_Ahmedabad,1182.12,141.84,945.69,55.0,Light_Rain,331.45,264.11,124.05,68.53,77.68,83.42,75.1,0.0,0.0,0.0,0.0,0.20256922826387103,1,0,0,0,1,1,2,9,17,0,0,0.375,4.0,0.3333333333333333,0.36363636363636365
ORD000109,2025-09-08,Individual,Standard,Food & Beverage,68.95,Ahmedabad,Hong Kong,,SpeedyLogistics,3.0,3.0,On-Time,Perfect,5.0,267.91,Ahmedabad_to_Hong Kong,4943.43,593.91,0.0,0.0,,104.83,82.31,29.21,17.0,16.06,24.08,17.5,0.0,0.0,0.0,0.0,3.830021443888492,0,0,0,0,0,0,0,9,8,0,0,0.5121951219512195,3.5121951219512195,0.0,0.36363636363636365
ORD000110,2025-10-05,SMB,Standard,Industrial,145.42,Pune,Dubai,,ReliableExpress,5.0,10.0,Severely-Delayed,Perfect,2.0,904.76,Pune_to_Dubai,3310.99,398.25,0.0,0.0,,321.65,279.39,109.77,73.08,48.93,75.56,53.01,1.0,2.0,5.0,100.0,6.179210490370169,0,0,0,0,0,0,6,10,5,1,0,0.525,3.575,1.0,0.5652173913043478
ORD000111,2025-10-05,Enterprise,Economy,Fashion,32.49,Chennai,Delhi,Fragile,QuickShip,10.0,10.0,On-Time,Perfect,5.0,978.66,Chennai_to_Delhi,1157.98,143.77,926.39,3.0,Light_Rain,344.3,265.61,111.73,68.52,88.66,78.84,80.71,0.0,0.0,0.0,0.0,29.22245446401911,1,1,0,0,1,0,6,10,5,1,0,0.25806451612903225,4.096774193548387,0.0,0.4444444444444444
ORD000112,2025-10-03,Individual,Economy,Industrial,162.78,Chennai,Hyderabad,,GlobalTransit,10.0,10.0,On-Time,Perfect,4.0,735.91,Chennai_to_Hyderabad,1344.61,159.9,1075.69,16.0,Fog,270.0,242.75,107.91,37.54,42.45,84.96,53.67,0.0,0.0,0.0,0.0,4.493283673220173,1,0,0,0,1,0,4,10,3,0,0,0.6363636363636364,3.090909090909091,0.6666666666666666,0.5652173913043478
ORD000113,2025-09-05,SMB,Economy,Fashion,1265.06,Mumbai,Pune,Fragile,SpeedyLogistics,10.0,15.0,Severely-Delayed,Perfect,1.0,1056.9,Mumbai_to_Pune,986.48,123.15,789.19,118.0,,376.74,334.3,141.58,102.08,105.53,115.0,68.02,1.0,2.0,5.0,50.0,0.8347945594995498,0,1,0,0,1,0,4,9,5,0,0,0.5121951219512195,3.5121951219512195,0.5,0.4444444444444444
ORD000114,2025-10-12,Individual,Economy,Food & Beverage,555.01,Chennai,Kolkata,,ReliableExpress,7.0,7.0,On-Time,Perfect,5.0,601.56,Chennai_to_Kolkata,1552.18,188.99,1241.74,99.0,,233.39,153.35,67.11,57.07,37.78,53.43,34.23,0.0,0.0,0.0,0.0,1.0819229869966367,0,0,0,0,1,0,6,10,12,1,0,0.525,3.575,0.6666666666666666,0.36363636363636365
ORD000115,2025-10-09,Individual,Standard,Food & Beverage,1482.93,Mumbai,Kolkata,,SpeedyLogistics,3.0,3.0,On-Time,Perfect,5.0,252.68,Mumbai_to_Kolkata,1189.05,144.35,951.24,58.0,Fog,97.51,75.81,33.79,15.65,22.21,27.9,16.58,0.0,0.0,0.0,0.0,0.17027757374000121,1,0,0,0,0,1,3,10,9,0,0,0.5121951219512195,3.5121951219512195,0.5,0.36363636363636365
ORD000116,2025-10-11,Individual,Express,Industrial,99.01,Bangalore,Kolkata,,GlobalTransit,2.0,2.0,On-Time,Minor_Damage,4.0,354.35,Bangalore_to_Kolkata,1398.08,171.32,1118.47,43.0,,120.86,96.02,52.74,29.16,34.28,32.65,31.57,0.0,0.0,0.0,0.0,3.543145685431457,0,0,1,1,0,0,5,10,11,1,0,0.6363636363636364,3.090909090909091,0.5,0.5652173913043478
ORD000117,2025-09-28,Enterprise,Economy,Industrial,108.5,Ahmedabad,Delhi,,SpeedyLogistics,5.0,5.0,On-Time,Perfect,4.0,666.69,Ahmedabad_to_Delhi,115.37,12.41,92.29,27.0,,251.07,212.78,98.86,46.45,37.69,71.25,57.65,0.0,0.0,0.0,0.0,6.088493150684932,0,0,0,0,1,0,6,9,28,1,1,0.5121951219512195,3.5121951219512195,0.5,0.5652173913043478
ORD000118,2025-09-07,SMB,Standard,Fashion,548.35,Bangalore,Kolkata,,ReliableExpress,4.0,4.0,On-Time,Perfect,5.0,538.4,Bangalore_to_Kolkata,1178.42,138.63,942.73,103.0,Light_Rain,192.48,145.74,67.42,35.32,38.43,56.97,46.98,0.0,0.0,0.0,0.0,0.9800673523254755,1,0,0,0,0,0,6,9,7,1,0,0.525,3.575,0.5,0.4444444444444444
ORD000119,2025-09-09,Individual,Standard,Healthcare,163.37,Bangalore,Bangkok,,ReliableExpress,3.0,7.0,Severely-Delayed,Perfect,1.0,490.5,Bangalore_to_Bangkok,4186.58,498.34,0.0,0.0,,158.54,142.51,55.65,29.4,43.74,57.08,33.6,1.0,2.0,4.0,133.33333333333331,2.9841211899981746,0,0,0,0,0,0,1,9,9,0,0,0.525,3.575,0.5714285714285714,0.5333333333333333
ORD000120,2025-09-08,SMB,Economy,Fashion,2843.45,Delhi,Mumbai,,ReliableExpress,5.0,5.0,On-Time,Perfect,5.0,688.86,Delhi_to_Mumbai,149.59,17.76,119.67,12.0,,258.41,234.01,98.03,40.74,67.38,65.49,46.13,0.0,0.0,0.0,0.0,0.24217687074829933,0,0,0,0,1,1,0,9,8,0,0,0.525,3.575,0.4,0.4444444444444444
ORD000121,2025-09-12,Enterprise,Express,Industrial,157.41,Mumbai,Pune,,GlobalTransit,1.0,1.0,On-Time,Perfect,4.0,362.43,Mumbai_to_Pune,1632.35,192.42,1305.88,118.0,Heavy_Rain,110.99,108.23,38.22,22.63,23.86,40.72,33.99,0.0,0.0,0.0,0.0,2.2879237421879934,1,0,0,1,0,0,4,9,12,0,0,0.6363636363636364,3.090909090909091,0.5,0.5652173913043478
ORD000122,2025-10-04,SMB,Standard,Books,191.89,Kolkata,Mumbai,,SpeedyLogistics,3.0,3.0,On-Time,Perfect,5.0,586.69,Kolkata_to_Mumbai,1788.53,210.07,1430.83,92.0,,193.75,197.05,83.82,51.77,33.64,63.14,57.06,0.0,0.0,0.0,0.0,3.0415781015086325,0,0,0,0,0,0,5,10,4,1,0,0.5121951219512195,3.5121951219512195,0.5,0.2608695652173913
ORD000123,2025-10-03,Individual,Express,Industrial,756.16,Mumbai,Hong Kong,,QuickShip,2.0,2.0,On-Time,Minor_Damage,3.0,432.09,Mumbai_to_Hong Kong,3906.33,464.67,0.0,0.0,,159.12,122.35,54.02,35.56,32.64,36.64,28.35,0.0,0.0,0.0,0.0,0.5706719847852502,0,0,1,1,0,0,4,10,3,0,0,0.25806451612903225,4.096774193548387,0.0,0.5652173913043478
ORD000124,2025-10-18,SMB,Standard,Books,224.99,Mumbai,Pune,,QuickShip,5.0,5.0,On-Time,Perfect,5.0,573.88,Mumbai_to_Pune,198.09,23.22,158.48,89.0,,218.21,192.91,61.33,56.02,38.13,61.11,50.27,0.0,0.0,0.0,0.0,2.539404398424709,0,0,0,0,0,0,5,10,18,1,0,0.25806451612903225,4.096774193548387,0.5,0.2608695652173913
ORD000125,2025-09-23,SMB,Express,Electronics,63.28,Delhi,Mumbai,,SpeedyLogistics,2.0,3.0,Slightly-Delayed,Perfect,3.0,292.1,Delhi_to_Mumbai,1438.83,170.17,1151.07,83.0,,111.35,100.65,33.78,27.14,16.53,31.61,25.44,1.0,1.0,1.0,50.0,4.544181705040448,0,0,0,1,0,0,1,9,23,0,0,0.5121951219512195,3.5121951219512195,0.4,0.5909090909090909
ORD000126,2025-09-24,Enterprise,Express,Industrial,77.55,Kolkata,Pune,,ReliableExpress,1.0,2.0,Slightly-Delayed,Perfect,3.0,266.94,Kolkata_to_Pune,806.53,100.26,645.22,0.0,,98.17,73.47,38.35,15.6,14.06,29.02,19.69,1.0,1.0,1.0,100.0,3.398345003182686,0,0,0,1,0,0,2,9,24,0,0,0.525,3.575,0.5,0.5652173913043478
ORD000127,2025-10-07,SMB,Express,Electronics,903.84,Kolkata,Hong Kong,,EcoDeliver,2.0,2.0,On-Time,Perfect,5.0,588.81,Kolkata_to_Hong Kong,4754.72,566.58,0.0,0.0,,226.64,169.78,63.84,54.07,45.6,51.56,50.65,0.0,0.0,0.0,0.0,0.6507338313956058,0,0,0,1,0,0,1,10,7,0,0,0.375,4.0,0.5,0.5909090909090909
ORD000128,2025-10-05,Individual,Standard,Healthcare,52.56,Mumbai,Singapore,,ReliableExpress,3.0,4.0,Slightly-Delayed,Perfect,3.0,391.39,Mumbai_to_Singapore,2662.56,314.9,0.0,0.0,,137.42,121.5,48.16,35.79,35.8,42.42,21.63,1.0,1.0,1.0,33.33333333333333,7.307505601194921,0,0,0,0,0,0,6,10,5,1,0,0.525,3.575,0.6,0.5333333333333333
ORD000129,2025-10-14,Enterprise,Economy,Fashion,3280.49,Bangalore,Bangkok,,ReliableExpress,5.0,7.0,Slightly-Delayed,Perfect,3.0,840.98,Bangalore_to_Bangkok,2525.67,306.75,0.0,0.0,,322.84,266.68,113.41,57.31,79.02,91.68,46.78,1.0,1.0,2.0,40.0,0.25627992162097096,0,0,0,0,1,1,1,10,14,0,0,0.525,3.575,0.5714285714285714,0.4444444444444444
ORD000130,2025-10-10,SMB,Standard,Books,143.22,Bangalore,Delhi,,EcoDeliver,5.0,5.0,On-Time,Perfect,5.0,562.77,Bangalore_to_Delhi,1715.78,206.71,1372.62,10.0,,191.78,190.58,57.61,55.19,47.25,59.23,35.75,0.0,0.0,0.0,0.0,3.9021633615309943,0,0,0,0,0,0,4,10,10,0,0,0.375,4.0,0.3333333333333333,0.2608695652173913
ORD000131,2025-09-22,Individual,Economy,Fashion,1016.71,Chennai,Delhi,Temperature_Controlled,SpeedyLogistics,5.0,5.0,On-Time,Perfect,5.0,404.32,Chennai_to_Delhi,826.75,97.47,661.4,114.0,,131.36,139.17,46.46,35.89,28.16,34.6,20.43,0.0,0.0,0.0,0.0,0.39728409861355396,0,1,0,0,1,0,0,9,22,0,0,0.5121951219512195,3.5121951219512195,0.0,0.4444444444444444
ORD000132,2025-09-27,Individual,Standard,Electronics,156.71,Chennai,Kolkata,,QuickShip,5.0,6.0,Slightly-Delayed,Perfect,4.0,439.72,Chennai_to_Kolkata,700.19,87.96,560.15,70.0,Light_Rain,155.85,152.84,52.09,29.84,29.55,44.33,31.67,1.0,1.0,1.0,20.0,2.7881554752393636,1,0,0,0,0,0,5,9,27,1,1,0.25806451612903225,4.096774193548387,0.6666666666666666,0.5909090909090909
ORD000133,2025-10-05,SMB,Standard,Books,102.22,Delhi,Bangkok,,EcoDeliver,5.0,5.0,On-Time,Wrong_Item,4.0,433.55,Delhi_to_Bangkok,3202.83,386.97,0.0,0.0,Light_Rain,168.21,130.3,54.36,24.68,42.98,39.02,23.27,0.0,0.0,0.0,0.0,4.200251889168766,1,0,1,0,0,0,6,10,5,1,0,0.375,4.0,0.3333333333333333,0.2608695652173913
ORD000134,2025-09-01,Individual,Economy,Fashion,583.56,Bangalore,Chennai,,SpeedyLogistics,5.0,6.0,Slightly-Delayed,Perfect,3.0,770.25,Bangalore_to_Chennai,1611.11,193.78,1288.89,108.0,,282.15,238.42,93.01,54.77,68.75,67.65,70.1,1.0,1.0,1.0,20.0,1.3176577254687287,0,0,0,0,1,0,0,9,1,0,0,0.5121951219512195,3.5121951219512195,0.3333333333333333,0.4444444444444444
ORD000135,2025-10-05,SMB,Standard,Industrial,1954.08,Bangalore,Kolkata,,ReliableExpress,3.0,6.0,Severely-Delayed,Perfect,1.0,565.66,Bangalore_to_Kolkata,416.43,48.29,333.14,102.0,,206.4,165.11,69.52,35.54,49.56,56.86,37.36,1.0,2.0,3.0,100.0,0.28932831393088776,0,0,0,0,0,1,6,10,5,1,0,0.525,3.575,0.5,0.5652173913043478
ORD000136,2025-10-07,Enterprise,Economy,Food & Beverage,278.37,Hyderabad,Ahmedabad,,QuickShip,5.0,10.0,Severely-Delayed,Perfect,1.0,758.17,Hyderabad_to_Ahmedabad,1181.27,140.4,945.02,14.0,Heavy_Rain,272.64,265.04,92.32,72.81,50.99,62.31,45.65,1.0,2.0,5.0,100.0,2.713856176396893,1,0,0,0,1,0,1,10,7,0,0,0.25806451612903225,4.096774193548387,0.5,0.36363636363636365
ORD000137,2025-10-17,Individual,Express,Electronics,365.69,Bangalore,Bangkok,,QuickShip,2.0,2.0,On-Time,Perfect,5.0,325.28,Bangalore_to_Bangkok,3380.01,401.55,0.0,0.0,Light_Rain,111.2,88.46,32.53,31.15,29.99,35.68,18.99,0.0,0.0,0.0,0.0,0.8870708227658239,1,0,0,1,0,0,4,10,17,0,0,0.25806451612903225,4.096774193548387,0.5714285714285714,0.5909090909090909
ORD000138,2025-09-14,Individual,Economy,Fashion,1354.42,Delhi,Mumbai,Temperature_Controlled,ReliableExpress,10.0,13.0,Severely-Delayed,Incomplete,3.0,808.82,Delhi_to_Mumbai,180.99,23.99,144.79,92.0,Light_Rain,252.38,207.67,110.16,78.0,57.85,68.56,61.16,1.0,2.0,3.0,30.0,0.5967301648197607,1,1,1,0,1,0,6,9,14,1,0,0.525,3.575,0.4,0.4444444444444444
ORD000139,2025-09-03,Individual,Express,Electronics,1423.38,Delhi,Pune,,EcoDeliver,1.0,4.0,Severely-Delayed,Perfect,1.0,495.14,Delhi_to_Pune,1212.91,142.06,970.32,56.0,,165.81,142.34,64.9,42.55,27.5,40.32,49.37,1.0,2.0,3.0,300.0,0.3476179109507294,0,0,0,1,0,1,2,9,3,0,0,0.375,4.0,0.6666666666666666,0.5909090909090909
ORD000140,2025-09-01,Individual,Economy,Home Goods,380.8,Bangalore,Chennai,,ReliableExpress,10.0,10.0,On-Time,Perfect,4.0,652.02,Bangalore_to_Chennai,177.19,19.16,141.75,108.0,,210.78,166.51,71.39,33.87,45.37,73.09,43.73,0.0,0.0,0.0,0.0,1.7077527501309586,0,0,0,0,1,0,0,9,1,0,0,0.525,3.575,0.3333333333333333,0.5555555555555556
ORD000141,2025-09-05,SMB,Standard,Electronics,207.43,Kolkata,Bangkok,,SpeedyLogistics,4.0,6.0,Slightly-Delayed,Perfect,3.0,734.19,Kolkata_to_Bangkok,2383.6,288.69,0.0,0.0,,252.87,233.15,92.1,68.33,68.5,59.03,65.27,1.0,1.0,2.0,50.0,3.522477570407331,0,0,0,0,0,0,4,9,5,0,0,0.5121951219512195,3.5121951219512195,1.0,0.5909090909090909
ORD000142,2025-09-26,SMB,Economy,Books,456.68,Bangalore,Hong Kong,,EcoDeliver,7.0,7.0,On-Time,Perfect,5.0,598.16,Bangalore_to_Hong Kong,3249.7,390.19,0.0,0.0,,207.01,208.69,74.27,59.42,52.48,53.8,46.01,0.0,0.0,0.0,0.0,1.306939346268135,0,0,0,0,1,0,4,9,26,0,1,0.375,4.0,0.3333333333333333,0.2608695652173913
ORD000143,2025-09-14,Individual,Express,Home Goods,302.97,Chennai,Ahmedabad,,SpeedyLogistics,1.0,2.0,Slightly-Delayed,Incomplete,1.0,349.92,Chennai_to_Ahmedabad,1754.23,207.77,1403.39,37.0,,139.69,117.49,36.7,29.85,23.54,28.09,24.56,1.0,1.0,1.0,100.0,1.1511662335098858,0,0,1,1,0,0,6,9,14,1,0,0.5121951219512195,3.5121951219512195,0.3333333333333333,0.5555555555555556
ORD000144,2025-10-09,SMB,Standard,Books,645.14,Kolkata,Hong Kong,,GlobalTransit,3.0,5.0,Slightly-Delayed,Wrong_Item,2.0,539.6,Kolkata_to_Hong Kong,3312.45,401.32,0.0,0.0,,174.55,179.09,63.06,49.31,27.0,49.81,33.49,1.0,1.0,2.0,66.66666666666666,0.8351131333766676,0,0,1,0,0,0,3,10,9,0,0,0.6363636363636364,3.090909090909091,0.5,0.2608695652173913
ORD000145,2025-09-27,Individual,Economy,Food & Beverage,67.26,Bangalore,Delhi,,QuickShip,10.0,10.0,On-Time,Perfect,5.0,777.65,Bangalore_to_Delhi,424.9,49.09,339.92,114.0,,251.46,199.72,85.04,60.48,50.21,75.2,53.54,0.0,0.0,0.0,0.0,11.392469967770289,0,0,0,0,1,0,5,9,27,1,1,0.25806451612903225,4.096774193548387,0.3333333333333333,0.36363636363636365
ORD000146,2025-09-09,Individual,Standard,Home Goods,611.41,Delhi,Bangalore,Temperature_Controlled,QuickShip,4.0,5.0,Slightly-Delayed,Perfect,3.0,747.94,Delhi_to_Bangalore,1361.22,166.83,1088.98,86.0,,289.89,254.7,93.23,49.74,41.39,88.36,39.65,1.0,1.0,1.0,25.0,1.2213059878186183,0,1,0,0,0,0,1,9,9,0,0,0.25806451612903225,4.096774193548387,0.6666666666666666,0.5555555555555556
ORD000147,2025-09-15,Individual,Standard,Industrial,137.35,Hyderabad,Chennai,,GlobalTransit,5.0,6.0,Slightly-Delayed,Perfect,3.0,618.15,Hyderabad_to_Chennai,1623.27,197.97,1298.62,111.0,Light_Rain,203.84,172.96,71.72,35.99,55.11,52.48,50.53,1.0,1.0,1.0,20.0,4.468015901698591,1,0,0,0,0,0,0,9,15,0,0,0.6363636363636364,3.090909090909091,0.5,0.5652173913043478
ORD000148,2025-09-15,SMB,Standard,Electronics,1570.0,Delhi,Mumbai,,EcoDeliver,3.0,3.0,On-Time,Perfect,5.0,285.28,Delhi_to_Mumbai,408.74,47.76,326.99,46.0,Light_Rain,89.12,73.33,41.5,16.98,25.98,29.04,15.37,0.0,0.0,0.0,0.0,0.18159134309357094,1,0,0,0,0,1,0,9,15,0,0,0.375,4.0,0.4,0.5909090909090909
ORD000149,2025-09-26,SMB,Standard,Fashion,147.13,Bangalore,Chennai,,ReliableExpress,4.0,4.0,On-Time,Perfect,5.0,542.75,Bangalore_to_Chennai,1774.26,215.45,1419.41,84.0,,214.68,149.09,77.6,31.72,50.31,43.71,41.03,0.0,0.0,0.0,0.0,3.6640113413893203,0,0,0,0,0,0,4,9,26,0,1,0.525,3.575,0.3333333333333333,0.4444444444444444
ORD000150,2025-10-12,Enterprise,Standard,Healthcare,151.01,Ahmedabad,Dubai,,QuickShip,5.0,5.0,On-Time,Perfect,4.0,410.63,Ahmedabad_to_Dubai,2448.8,292.66,0.0,0.0,,154.78,141.04,59.73,37.36,38.77,36.12,26.37,0.0,0.0,0.0,0.0,2.7013354384579964,0,0,0,0,0,0,6,10,12,1,0,0.25806451612903225,4.096774193548387,0.5,0.5333333333333333
ORD000151,2025-09-13,SMB,Standard,Electronics,786.9,Mumbai,Ahmedabad,,,,,,,,,Mumbai_to_Ahmedabad,,,,,,,,,,,,,,,0.0,0.0,,0,0,1,0,0,0,5,9,13,1,0,,,0.5,0.5909090909090909
ORD000152,2025-10-02,Enterprise,Economy,Electronics,412.12,Mumbai,Ahmedabad,,,,,,,,,Mumbai_to_Ahmedabad,,,,,,,,,,,,,,,0.0,0.0,,0,0,1,0,1,0,3,10,2,0,0,,,0.5,0.5909090909090909
ORD000153,2025-10-09,SMB,Express,Food & Beverage,12270.8,Delhi,Bangkok,Fragile,,,,,,,,Delhi_to_Bangkok,,,,,,,,,,,,,,,0.0,0.0,,0,1,1,1,0,1,3,10,9,0,0,,,0.3333333333333333,0.36363636363636365
ORD000154,2025-10-19,SMB,Standard,Industrial,35.02,Pune,Chennai,Fragile,,,,,,,,Pune_to_Chennai,,,,,,,,,,,,,,,0.0,0.0,,0,1,1,0,0,0,6,10,19,1,0,,,,0.5652173913043478
ORD000155,2025-10-02,Enterprise,Economy,Healthcare,475.7,Mumbai,Bangalore,,,,,,,,,Mumbai_to_Bangalore,,,,,,,,,,,,,,,0.0,0.0,,0,0,1,0,1,0,3,10,2,0,0,,,0.0,0.5333333333333333
ORD000156,2025-09-04,SMB,Economy,Home Goods,2196.18,Mumbai,Kolkata,Temperature_Controlled,,,,,,,,Mumbai_to_Kolkata,,,,,,,,,,,,,,,0.0,0.0,,0,1,1,0,1,1,3,9,4,0,0,,,0.5,0.5555555555555556
ORD000157,2025-09-30,Enterprise,Standard,Home Goods,169.45,Mumbai,Pune,,,,,,,,,Mumbai_to_Pune,,,,,,,,,,,,,,,0.0,0.0,,0,0,1,0,0,0,1,9,30,0,1,,,0.5,0.5555555555555556
ORD000158,2025-10-07,Enterprise,Standard,Home Goods,102.94,Mumbai,Bangkok,,,,,,,,,Mumbai_to_Bangkok,,,,,,,,,,,,,,,0.0,0.0,,0,0,1,0,0,0,1,10,7,0,0,,,0.6,0.5555555555555556
ORD000159,2025-09-23,Individual,Standard,Books,109.26,Mumbai,Bangkok,,,,,,,,,Mumbai_to_Bangkok,,,,,,,,,,,,,,,0.0,0.0,,0,0,1,0,0,0,1,9,23,0,0,,,0.6,0.2608695652173913
ORD000160,2025-10-09,SMB,Express,Books,35.95,Bangalore,Chennai,Hazmat,,,,,,,,Bangalore_to_Chennai,,,,,,,,,,,,,,,0.0,0.0,,0,1,1,1,0,0,3,10,9,0,0,,,0.3333333333333333,0.2608695652173913
ORD000161,2025-10-15,Enterprise,Standard,Fashion,3055.07,Bangalore,Mumbai,,,,,,,,,Bangalore_to_Mumbai,,,,,,,,,,,,,,,0.0,0.0,,0,0,1,0,0,1,2,10,15,0,0,,,0.5,0.4444444444444444
ORD000162,2025-09-15,SMB,Standard,Healthcare,246.06,Delhi,Singapore,,,,,,,,,Delhi_to_Singapore,,,,,,,,,,,,,,,0.0,0.0,,0,0,1,0,0,0,0,9,15,0,0,,,0.0,0.5333333333333333
ORD000163,2025-10-13,Individual,Standard,Home Goods,206.02,Delhi,Hyderabad,,,,,,,,,Delhi_to_Hyderabad,,,,,,,,,,,,,,,0.0,0.0,,0,0,1,0,0,0,0,10,13,0,0,,,0.0,0.5555555555555556
ORD000164,2025-09-29,Enterprise,Express,Books,16.67,Mumbai,Hyderabad,,,,,,,,,Mumbai_to_Hyderabad,,,,,,,,,,,,,,,0.0,0.0,,0,0,1,1,0,0,0,9,29,0,1,,,0.5,0.2608695652173913
ORD000165,2025-10-06,SMB,Economy,Fashion,46.97,Delhi,Bangkok,,,,,,,,,Delhi_to_Bangkok,,,,,,,,,,,,,,,0.0,0.0,,0,0,1,0,1,0,0,10,6,0,0,,,0.3333333333333333,0.4444444444444444
ORD000166,2025-09-13,Enterprise,Economy,Industrial,3633.98,Bangalore,Kolkata,,,,,,,,,Bangalore_to_Kolkata,,,,,,,,,,,,,,,0.0,0.0,,0,0,1,0,1,1,5,9,13,1,0,,,0.5,0.5652173913043478
ORD000167,2025-10-02,Enterprise,Standard,Fashion,635.66,Kolkata,Pune,,,,,,,,,Kolkata_to_Pune,,,,,,,,,,,,,,,0.0,0.0,,0,0,1,0,0,0,3,10,2,0,0,,,0.5,0.4444444444444444
ORD000168,2025-09-07,SMB,Standard,Books,2320.99,Mumbai,Chennai,,,,,,,,,Mumbai_to_Chennai,,,,,,,,,,,,,,,0.0,0.0,,0,0,1,0,0,1,6,9,7,1,0,,,1.0,0.2608695652173913
ORD000169,2025-09-22,SMB,Standard,Food & Beverage,1919.82,Bangalore,Dubai,,,,,,,,,Bangalore_to_Dubai,,,,,,,,,,,,,,,0.0,0.0,,0,0,1,0,0,1,0,9,22,0,0,,,0.5,0.36363636363636365
ORD000170,2025-09-28,SMB,Economy,Food & Beverage,89.93,Delhi,Hyderabad,,,,,,,,,Delhi_to_Hyderabad,,,,,,,,,,,,,,,0.0,0.0,,0,0,1,0,1,0,6,9,28,1,1,,,0.0,0.36363636363636365
ORD000171,2025-09-02,Individual,Standard,Home Goods,15440.85,Hyderabad,Bangalore,,,,,,,,,Hyderabad_to_Bangalore,,,,,,,,,,,,,,,0.0,0.0,,0,0,1,0,0,1,1,9,2,0,0,,,0.0,0.5555555555555556
ORD000172,2025-10-12,Individual,Express,Food & Beverage,7514.57,Chennai,Bangkok,,,,,,,,,Chennai_to_Bangkok,,,,,,,,,,,,,,,0.0,0.0,,0,0,1,1,0,1,6,10,12,1,0,,,,0.36363636363636365
ORD000173,2025-10-15,SMB,Economy,Home Goods,173.18,Bangalore,Mumbai,,,,,,,,,Bangalore_to_Mumbai,,,,,,,,,,,,,,,0.0,0.0,,0,0,1,0,1,0,2,10,15,0,0,,,0.5,0.5555555555555556
ORD000174,2025-09-06,SMB,Economy,Home Goods,1.91,Delhi,Hong Kong,,,,,,,,,Delhi_to_Hong Kong,,,,,,,,,,,,,,,0.0,0.0,,0,0,1,0,1,0,5,9,6,1,0,,,0.0,0.5555555555555556
ORD000175,2025-09-28,Individual,Economy,Books,236.32,Pune,Hyderabad,,,,,,,,,Pune_to_Hyderabad,,,,,,,,,,,,,,,0.0,0.0,,0,0,1,0,1,0,6,9,28,1,1,,,0.0,0.2608695652173913
ORD000176,2025-09-28,Enterprise,Economy,Food & Beverage,576.77,Mumbai,Bangalore,Hazmat,,,,,,,,Mumbai_to_Bangalore,,,,,,,,,,,,,,,0.0,0.0,,0,1,1,0,1,0,6,9,28,1,1,,,0.0,0.36363636363636365
ORD000177,2025-10-14,SMB,Standard,Home Goods,172.16,Mumbai,Chennai,,,,,,,,,Mumbai_to_Chennai,,,,,,,,,,,,,,,0.0,0.0,,0,0,1,0,0,0,1,10,14,0,0,,,1.0,0.5555555555555556
ORD000178,2025-10-14,Enterprise,Standard,Healthcare,289.37,Delhi,Mumbai,,,,,,,,,Delhi_to_Mumbai,,,,,,,,,,,,,,,0.0,0.0,,0,0,1,0,0,0,1,10,14,0,0,,,0.4,0.5333333333333333
ORD000179,2025-09-20,Enterprise,Economy,Industrial,116.4,Mumbai,Dubai,,,,,,,,,Mumbai_to_Dubai,,,,,,,,,,,,,,,0.0,0.0,,0,0,1,0,1,0,5,9,20,1,0,,,1.0,0.5652173913043478
ORD000180,2025-09-30,Individual,Economy,Fashion,1607.53,Pune,Singapore,,,,,,,,,Pune_to_Singapore,,,,,,,,,,,,,,,0.0,0.0,,0,0,1,0,1,1,1,9,30,0,1,,,0.0,0.4444444444444444
ORD000181,2025-09-11,Individual,Express,Fashion,443.83,Kolkata,Delhi,,,,,,,,,Kolkata_to_Delhi,,,,,,,,,,,,,,,0.0,0.0,,0,0,1,1,0,0,3,9,11,0,0,,,0.3333333333333333,0.4444444444444444
ORD000182,2025-09-28,SMB,Express,Books,1681.21,Delhi,Bangkok,,,,,,,,,Delhi_to_Bangkok,,,,,,,,,,,,,,,0.0,0.0,,0,0,1,1,0,1,6,9,28,1,1,,,0.3333333333333333,0.2608695652173913
ORD000183,2025-09-25,SMB,Standard,Food & Beverage,2523.26,Bangalore,Singapore,,,,,,,,,Bangalore_to_Singapore,,,,,,,,,,,,,,,0.0,0.0,,0,0,1,0,0,1,3,9,25,0,1,,,0.0,0.36363636363636365
ORD000184,2025-10-09,Enterprise,Economy,Food & Beverage,15.46,Ahmedabad,Dubai,,,,,,,,,Ahmedabad_to_Dubai,,,,,,,,,,,,,,,0.0,0.0,,0,0,1,0,1,0,3,10,9,0,0,,,0.5,0.36363636363636365
ORD000185,2025-10-03,Enterprise,Economy,Home Goods,127.0,Hyderabad,Mumbai,Temperature_Controlled,,,,,,,,Hyderabad_to_Mumbai,,,,,,,,,,,,,,,0.0,0.0,,0,1,1,0,1,0,4,10,3,0,0,,,0.5,0.5555555555555556
ORD000186,2025-09-01,Enterprise,Express,Electronics,158.22,Chennai,Hyderabad,Fragile,,,,,,,,Chennai_to_Hyderabad,,,,,,,,,,,,,,,0.0,0.0,,0,1,1,1,0,0,0,9,1,0,0,,,0.6666666666666666,0.5909090909090909
ORD000187,2025-09-27,SMB,Standard,Home Goods,19092.65,Pune,Singapore,,,,,,,,,Pune_to_Singapore,,,,,,,,,,,,,,,0.0,0.0,,0,0,1,0,0,1,5,9,27,1,1,,,0.0,0.5555555555555556
ORD000188,2025-09-13,Individual,Standard,Industrial,504.47,Ahmedabad,Bangkok,,,,,,,,,Ahmedabad_to_Bangkok,,,,,,,,,,,,,,,0.0,0.0,,0,0,1,0,0,0,5,9,13,1,0,,,1.0,0.5652173913043478
ORD000189,2025-10-11,SMB,Economy,Healthcare,1364.91,Kolkata,Delhi,Fragile,,,,,,,,Kolkata_to_Delhi,,,,,,,,,,,,,,,0.0,0.0,,0,1,1,0,1,0,5,10,11,1,0,,,0.3333333333333333,0.5333333333333333
ORD000190,2025-09-03,Enterprise,Economy,Fashion,24.02,Mumbai,Kolkata,,,,,,,,,Mumbai_to_Kolkata,,,,,,,,,,,,,,,0.0,0.0,,0,0,1,0,1,0,2,9,3,0,0,,,0.5,0.4444444444444444
ORD000191,2025-10-09,Individual,Economy,Home Goods,500.11,Delhi,Ahmedabad,,,,,,,,,Delhi_to_Ahmedabad,,,,,,,,,,,,,,,0.0,0.0,,0,0,1,0,1,0,3,10,9,0,0,,,0.0,0.5555555555555556
ORD000192,2025-09-06,Individual,Standard,Electronics,1750.12,Hyderabad,Bangalore,Hazmat,,,,,,,,Hyderabad_to_Bangalore,,,,,,,,,,,,,,,0.0,0.0,,0,1,1,0,0,1,5,9,6,1,0,,,0.0,0.5909090909090909
ORD000193,2025-09-08,SMB,Standard,Electronics,1469.9,Mumbai,Hyderabad,,,,,,,,,Mumbai_to_Hyderabad,,,,,,,,,,,,,,,0.0,0.0,,0,0,1,0,0,1,0,9,8,0,0,,,0.5,0.5909090909090909
ORD000194,2025-09-27,SMB,Standard,Home Goods,1027.72,Hyderabad,Singapore,,,,,,,,,Hyderabad_to_Singapore,,,,,,,,,,,,,,,0.0,0.0,,0,0,1,0,0,0,5,9,27,1,1,,,0.5,0.5555555555555556
ORD000195,2025-09-09,SMB,Express,Books,411.37,Mumbai,Hong Kong,Hazmat,,,,,,,,Mumbai_to_Hong Kong,,,,,,,,,,,,,,,0.0,0.0,,0,1,1,1,0,0,1,9,9,0,0,,,0.0,0.2608695652173913
ORD000196,2025-10-07,Enterprise,Economy,Fashion,442.46,Mumbai,Chennai,,,,,,,,,Mumbai_to_Chennai,,,,,,,,,,,,,,,0.0,0.0,,0,0,1,0,1,0,1,10,7,0,0,,,1.0,0.4444444444444444
ORD000197,2025-10-03,SMB,Economy,Books,31.82,Delhi,Kolkata,,,,,,,,,Delhi_to_Kolkata,,,,,,,,,,,,,,,0.0,0.0,,0,0,1,0,1,0,4,10,3,0,0,,,,0.2608695652173913
ORD000198,2025-10-12,Individual,Economy,Healthcare,104.5,Mumbai,Dubai,,,,,,,,,Mumbai_to_Dubai,,,,,,,,,,,,,,,0.0,0.0,,0,0,1,0,1,0,6,10,12,1,0,,,1.0,0.5333333333333333
ORD000199,2025-10-14,Enterprise,Economy,Electronics,570.44,Pune,Ahmedabad,Fragile,,,,,,,,Pune_to_Ahmedabad,,,,,,,,,,,,,,,0.0,0.0,,0,1,1,0,1,0,1,10,14,0,0,,,,0.5909090909090909
ORD000200,2025-09-24,Enterprise,Standard,Electronics,137.83,Hyderabad,Mumbai,Temperature_Controlled,,,,,,,,Hyderabad_to_Mumbai,,,,,,,,,,,,,,,0.0,0.0,,0,1,1,0,0,0,2,9,24,0,0,,,0.5,0.5909090909090909
